employee_id,department,years_of_service,performance_score,basic_salary,hra,other_allowances,overtime_hours,bonuses,tax_deductions,other_deductions,net_salary,is_anomaly,anomaly_type
EMP01604,Operations,2,70.9,31031.07,12412.43,4654.66,345.9,3103.11,6206.21,1551.55,144071.45,1,impossible_overtime
EMP00483,HR,17,57.4,37442.51,16585.18,6271.3,7.3,0.0,5072.05,937.34,56852.07,0,Normal
EMP00204,Operations,14,40.5,27215.45,12857.68,2770.55,4.4,0.0,5619.16,756.9,37590.26,0,Normal
EMP00050,Engineering,16,46.8,75994.92,31403.85,18046.77,4.4,4607.63,8765.67,1981.0,122441.29,0,Normal
EMP00938,Management,23,98.7,60706.57,25334.36,13500.74,17.5,0.0,18129.06,4256.85,87115.43,0,Normal
EMP00482,Finance,22,59.6,65534.43,27028.87,9086.01,4.8,6890.86,8452.61,4786.91,98249.7,0,Normal
EMP01669,Finance,27,66.0,50242.74,20097.1,7536.41,9.9,5024.27,-4941.6,-368.52,92873.79,1,negative_deduction
EMP01308,Operations,6,68.3,35303.5,11386.02,7959.74,6.0,2726.36,10506.2,1313.04,47542.2,0,Normal
EMP01626,Finance,25,45.1,0.0,12040.92,9463.56,0.0,38790.46,0.0,0.0,60294.94,1,ghost_employee
EMP00519,Management,25,43.5,97969.6,46754.65,19323.98,22.9,5705.33,15328.84,2629.14,172828.43,0,Normal
EMP01318,Operations,11,63.5,46626.09,16769.28,11447.52,5.3,0.0,8517.81,2365.67,66276.14,0,Normal
EMP00888,Engineering,18,52.4,54888.4,22020.47,11916.54,18.7,6061.51,7855.73,2064.28,94589.53,0,Normal
EMP00439,Operations,19,41.7,35166.35,12376.24,5799.84,4.5,4711.67,3679.15,2427.36,53431.17,0,Normal
EMP00494,Engineering,6,52.8,50762.0,23692.09,8870.66,8.0,3717.87,11063.88,1677.64,78108.25,0,Normal
EMP00465,Management,5,60.0,113719.36,42781.02,15786.39,21.5,0.0,30340.12,4679.38,160188.83,0,Normal
EMP00213,Finance,25,70.4,34909.09,15650.73,6022.68,3.7,0.0,4407.78,1510.54,51875.09,0,Normal
EMP00071,Operations,28,61.2,30540.07,10559.99,7220.66,6.4,,8578.25,1496.5,40078.37,0,Normal
EMP00333,Engineering,25,,48229.03,23470.22,7624.21,13.2,0.0,9530.64,3672.85,72088.31,0,Normal
EMP00568,Sales,24,74.4,49272.52,16976.12,5400.97,1.1,0.0,9503.71,1986.12,60667.9,0,Normal
EMP00440,Engineering,14,86.2,46263.96,22851.84,8342.84,12.9,7793.21,5099.51,3215.2,82532.19,0,Normal
EMP00678,Sales,8,80.8,42977.04,18217.02,9636.65,1.3,0.0,8434.47,3024.62,59895.4,0,Normal
EMP01354,Operations,20,74.0,32960.35,15957.37,4044.62,33.9,2846.09,5460.56,826.65,59996.43,0,Normal
EMP00590,Engineering,7,72.2,67012.55,31742.63,8887.07,3.6,6863.5,8050.8,4181.69,104534.93,0,Normal
EMP00803,Finance,15,41.6,55732.35,20229.93,6043.17,2.4,6951.08,13243.27,2992.71,73974.53,0,Normal
EMP01165,Engineering,7,69.7,54932.85,19433.02,10627.9,0.7,8913.37,11012.92,4115.3,79139.42,0,Normal
EMP01291,Sales,18,59.9,33754.27,15772.98,7139.13,10.1,0.0,3467.64,1407.17,54987.68,0,Normal
EMP01272,Operations,9,72.7,26842.69,11608.46,6441.68,7.8,4382.45,5948.18,1261.11,44028.86,0,Normal
EMP00454,Management,22,96.3,78598.93,31083.53,14695.99,9.9,0.0,22747.91,3989.76,104935.74,0,Normal
EMP01649,HR,6,98.5,45553.08,18221.23,6832.96,19.3,4555.31,9110.62,2277.65,-36008.29,1,net_salary_inconsistency
EMP00862,HR,20,95.1,39941.64,17102.73,4578.97,0.9,6732.61,9946.53,2514.95,56231.48,0,Normal
EMP00701,HR,26,65.6,37059.84,12051.53,7578.86,0.3,0.0,3735.11,2097.55,50961.8,0,Normal
EMP00757,Finance,17,54.3,41334.38,18169.21,9220.71,6.1,0.0,4672.38,991.4,65424.33,0,Normal
EMP00245,Engineering,18,85.6,66952.57,27735.24,16437.6,16.3,0.0,15286.88,2423.7,103646.02,0,Normal
EMP00778,Operations,22,76.8,38741.55,18065.32,5905.84,2.5,4247.58,9509.44,987.84,57371.01,0,Normal
EMP01441,Management,23,68.6,46222.05,14586.35,7230.45,10.2,4330.58,9291.71,2022.51,65475.19,0,Normal
EMP00299,Finance,10,63.9,64187.28,26331.68,7843.28,17.9,0.0,10643.48,3000.82,95489.37,0,Normal
EMP01570,Management,11,62.4,690836.24,276334.5,103625.44,14.7,103625.44,138167.25,34541.81,1096918.43,1,salary_spike
EMP01103,Operations,24,92.8,44886.26,21987.74,10793.98,7.6,0.0,6802.42,1530.48,72533.23,0,Normal
EMP01518,Management,18,62.7,78709.29,31483.72,11806.39,363.1,7870.93,15741.86,3935.46,378124.35,1,impossible_overtime
EMP00240,Engineering,22,44.3,47117.27,15858.14,5465.3,1.0,0.0,5692.48,2217.8,60972.15,0,Normal
EMP01210,Management,20,51.7,102244.61,37065.68,10763.69,1.5,0.0,28124.0,6834.34,116553.45,0,Normal
EMP01421,Sales,23,93.0,45348.95,21548.96,10437.44,3.3,0.0,11464.33,2836.46,64437.54,0,Normal
EMP00024,Sales,22,51.4,27865.49,12076.05,5670.82,6.7,0.0,3231.8,993.36,43137.5,0,Normal
EMP00301,Engineering,25,79.1,53338.53,24953.69,7006.79,3.2,3047.11,5991.84,3741.99,80212.45,0,Normal
EMP00340,Engineering,22,76.5,62110.32,29624.82,9725.25,13.6,4713.64,17583.1,4510.55,91999.45,0,Normal
EMP00368,Management,8,45.5,107778.38,43144.07,17418.04,3.4,0.0,24309.04,3272.09,144194.8,0,Normal
EMP00382,Finance,20,42.6,69494.77,26563.65,15959.82,0.6,0.0,11830.01,4517.22,96061.92,0,Normal
EMP01273,Operations,8,69.3,34811.58,15677.92,6809.51,0.5,0.0,4195.38,1976.3,51290.51,0,Normal
EMP00100,Engineering,11,52.6,54330.77,23961.38,7193.65,0.5,10496.47,7235.53,1884.65,87116.77,0,Normal
EMP01517,Finance,19,89.0,305044.48,122017.79,45756.67,12.0,45756.67,61008.9,15252.22,476631.99,1,salary_spike
EMP00463,Operations,16,76.0,42353.83,19829.29,7027.96,9.0,0.0,11324.77,1801.3,59658.61,0,Normal
EMP00066,HR,18,74.2,37091.26,18476.48,5612.64,22.7,0.0,6465.15,850.99,61757.72,0,Normal
EMP01194,Finance,11,70.7,34974.49,17465.91,7861.96,13.3,6844.32,7445.66,1779.71,62282.19,0,Normal
EMP00675,Sales,4,64.1,36488.06,17266.89,4232.86,12.3,0.0,9725.96,1666.1,50803.28,0,Normal
EMP01437,Sales,3,95.8,36539.7,17607.96,6313.69,34.4,0.0,6171.57,2848.42,63225.41,0,Normal
EMP01002,HR,9,91.1,39725.53,15428.08,5361.07,6.9,0.0,4138.17,2810.93,56135.33,0,Normal
EMP01162,Engineering,21,91.1,64347.24,31054.51,7678.9,6.3,3902.73,13708.19,2375.86,94699.84,0,Normal
EMP00421,Operations,2,89.6,36604.55,15204.49,9061.7,22.3,0.0,10595.44,811.72,57116.22,0,Normal
EMP00433,Finance,23,68.1,54802.16,18331.58,9001.41,0.8,6149.37,12761.72,3312.33,72621.49,0,Normal
EMP01303,Engineering,19,83.0,60786.99,26393.87,6588.64,16.4,9463.8,12806.6,4483.7,95289.0,0,Normal
EMP01607,Sales,8,71.5,44080.02,17632.01,6612.0,5.5,282904.27,8816.0,2204.0,342481.18,1,bonus_abuse
EMP01188,Engineering,20,58.8,44646.69,21306.93,7104.56,5.0,6139.27,11224.13,1472.74,68593.39,0,Normal
EMP01170,Sales,11,73.8,49641.92,20730.38,6719.15,9.7,0.0,10360.7,1742.71,69502.35,0,Normal
EMP00030,Engineering,28,94.9,43379.87,21656.6,4862.32,2.6,0.0,5664.43,1804.91,63486.83,0,Normal
EMP01129,Sales,5,74.5,36622.41,16370.4,4058.93,15.8,5193.97,10822.89,2297.5,54550.01,0,Normal
EMP01054,Operations,22,45.7,31383.28,10526.47,5896.02,10.0,0.0,8424.84,2048.73,40274.38,0,Normal
EMP00375,Engineering,18,96.7,49407.56,23758.71,12196.49,1.5,0.0,7223.05,2963.74,75870.76,0,Normal
EMP00599,Engineering,12,81.5,74347.34,22472.26,10410.05,2.8,0.0,17428.27,1758.03,89994.97,0,Normal
EMP01557,HR,29,57.8,36654.22,14661.69,5498.13,315.4,3665.42,7330.84,1832.71,159697.86,1,impossible_overtime
EMP00031,Finance,23,91.2,51159.13,23793.25,6245.22,5.5,0.0,5792.94,2865.29,75177.26,0,Normal
EMP00553,Finance,24,55.6,26100.63,11333.38,4532.45,7.6,0.0,6566.18,609.66,36650.29,0,Normal
EMP00536,Management,24,51.2,114900.72,43180.62,28151.84,1.8,0.0,21890.07,4169.64,162112.42,0,Normal
EMP01631,Sales,29,80.1,177844.28,71137.71,26676.64,15.8,26676.64,35568.86,8892.21,284217.38,1,salary_spike
EMP00602,Sales,14,94.0,48679.15,14995.69,11135.28,3.6,0.0,11550.32,3107.38,61795.34,0,Normal
EMP01413,Sales,26,87.9,39302.91,13686.57,8904.16,18.2,6647.08,9209.8,2650.57,63386.41,0,Normal
EMP00944,Operations,24,90.1,44003.48,20096.12,7147.23,0.3,4242.91,5327.36,2233.77,68052.37,0,Normal
EMP00412,Management,14,44.2,57422.79,23734.05,8608.22,4.8,0.0,12681.7,4333.46,75333.93,0,Normal
EMP00507,Management,11,71.3,62012.56,20548.64,10217.88,7.7,0.0,16101.2,2621.3,78533.11,0,Normal
EMP00924,Operations,7,100.0,20000.0,9212.05,2634.29,14.8,0.0,4566.28,681.29,29373.77,0,Normal
EMP00415,Finance,12,48.8,55130.73,20944.37,13684.47,3.5,5776.96,8407.26,3352.15,85586.1,0,Normal
EMP00937,Engineering,19,67.9,63045.77,28435.33,8874.17,2.6,0.0,11013.64,3290.09,87588.28,0,Normal
EMP00189,HR,3,68.0,28431.85,9348.84,4703.68,11.5,0.0,8462.48,1614.57,35472.63,0,Normal
EMP01345,Operations,8,63.4,26318.8,10100.99,4592.03,0.3,0.0,5879.02,1178.54,34028.28,0,Normal
EMP00163,Finance,21,81.0,49224.51,24294.87,10283.63,3.6,0.0,13104.82,2804.12,69555.4,0,Normal
EMP00272,Operations,7,65.9,41525.9,12790.47,4649.13,7.1,0.0,11627.11,2850.34,47252.12,0,Normal
EMP00725,Finance,26,61.3,49709.54,22211.72,7294.77,0.8,0.0,9671.53,1568.56,68348.76,0,Normal
EMP01059,HR,8,63.0,52698.05,19133.23,7210.05,5.1,8808.04,8389.79,3804.04,78175.17,0,Normal
EMP00290,Finance,17,85.6,50233.99,17124.25,,4.3,6751.61,8136.3,1708.7,73581.12,0,Normal
EMP00614,Engineering,14,91.0,57335.29,22086.94,8348.83,0.3,0.0,15238.54,3650.62,69043.16,0,Normal
EMP01206,Operations,22,59.5,47269.82,20561.36,6890.28,6.3,0.0,8651.12,1029.86,67832.35,0,Normal
EMP00860,Engineering,6,60.9,40128.9,17899.27,7885.9,28.6,0.0,7307.42,1366.17,68000.04,0,Normal
EMP00033,Engineering,5,71.2,47783.59,16714.78,5421.71,4.6,5889.34,6000.22,2491.03,69378.84,0,Normal
EMP00781,Finance,23,44.9,53388.56,17121.01,5551.94,11.2,0.0,9102.01,4092.76,68472.54,0,Normal
EMP01089,Management,27,63.5,76595.83,36251.63,8175.0,16.4,13186.96,20408.59,3465.27,122112.17,0,Normal
EMP00298,Engineering,19,54.2,59573.9,18288.13,10144.46,11.0,0.0,15034.13,3532.82,75583.1,0,Normal
EMP00571,HR,23,57.9,36435.74,13970.87,4796.6,3.1,0.0,7256.83,1948.69,47056.6,0,Normal
EMP00821,Operations,23,45.2,27226.75,8866.8,4767.21,7.2,4829.2,3042.84,929.48,43555.45,0,Normal
EMP00951,Finance,9,96.4,44014.75,19560.73,,0.3,0.0,9416.56,1402.26,58076.69,0,Normal
EMP01069,Sales,27,43.8,25201.14,7926.94,3992.07,0.2,0.0,4475.97,1095.74,31595.69,0,Normal
EMP01090,Engineering,16,78.8,66059.8,20605.6,12774.78,54.5,7852.78,17787.91,4622.24,118635.24,0,Normal
EMP01532,Engineering,23,69.5,225891.23,90356.49,33883.68,4.8,33883.68,45178.25,11294.56,337707.38,1,salary_spike
EMP00221,Finance,29,47.1,57457.18,22454.15,12371.23,5.1,0.0,16144.66,1868.03,77017.04,0,Normal
EMP00683,Engineering,4,83.2,48415.3,22760.75,6711.42,1.8,0.0,10149.82,3818.98,64735.68,0,Normal
EMP00680,Operations,13,42.4,33335.07,12850.58,3709.92,3.9,0.0,6159.65,1956.2,42998.53,0,Normal
EMP01484,Engineering,23,73.8,47174.93,15177.9,9739.76,0.1,0.0,6548.39,1357.82,64230.61,0,Normal
EMP00632,Operations,14,78.7,35920.21,13610.69,8381.98,19.4,0.0,6455.58,2588.31,55401.98,0,Normal
EMP00325,Management,13,81.3,84044.33,39111.85,12592.01,12.5,0.0,18617.9,4663.76,122315.47,0,Normal
EMP00844,Management,24,72.1,74456.69,23186.21,17575.34,12.7,0.0,16365.77,5310.26,102407.21,0,Normal
EMP00174,Engineering,26,47.4,72888.71,22778.67,17375.98,7.5,0.0,18591.22,1848.09,97729.04,0,Normal
EMP00116,Operations,23,55.3,36133.74,14978.21,4926.95,5.3,3385.13,7892.98,2572.24,50754.2,0,Normal
EMP00060,Sales,18,66.4,61306.34,25988.08,8494.57,1.4,10212.28,8763.79,4287.37,93754.76,0,Normal
EMP00783,Sales,1,72.8,44422.14,19802.85,8611.12,4.7,0.0,4589.14,2796.42,67407.9,0,Normal
EMP00070,Management,29,,119789.41,45261.96,18297.53,6.6,11314.38,16579.86,9258.93,176236.46,0,Normal
EMP01092,Finance,5,55.0,66622.7,21852.08,10347.09,4.1,0.0,19374.09,1780.96,80227.63,0,Normal
EMP00705,Engineering,29,81.1,70652.08,25778.53,17404.45,3.6,0.0,10966.26,3124.52,102128.79,0,Normal
EMP01279,Engineering,28,70.7,49758.83,21944.05,10821.25,1.4,0.0,9690.86,2917.69,70568.66,0,Normal
EMP01104,Management,10,47.9,60721.03,28898.37,13591.2,3.3,7809.07,15202.11,2826.46,94869.66,0,Normal
EMP00169,Engineering,23,81.4,40483.66,14027.64,5057.96,0.6,0.0,10515.81,1172.65,48108.52,0,Normal
EMP01494,Engineering,14,80.3,67366.97,32167.31,13543.55,1.8,0.0,12986.06,2997.56,98231.03,0,Normal
EMP01334,Management,16,55.2,105985.38,52626.82,11751.48,2.6,0.0,25002.12,2940.9,145004.05,0,Normal
EMP01062,Management,19,79.9,68344.25,21828.68,13738.08,3.0,12014.82,7121.81,4542.43,106183.77,0,Normal
EMP00136,Sales,27,67.1,41109.99,18932.31,7030.44,0.7,0.0,5244.8,863.0,61234.72,0,Normal
EMP00611,Engineering,22,44.6,55523.23,20818.12,8295.55,11.0,6818.35,12324.7,1318.51,83537.87,0,Normal
EMP01547,HR,25,78.9,56757.4,22702.96,8513.61,17.3,236823.77,11351.48,2837.87,319813.73,1,bonus_abuse
EMP01304,HR,14,84.7,29336.36,12890.54,3559.3,3.4,1903.32,5059.31,2103.24,41462.07,0,Normal
EMP00343,Engineering,15,68.3,45181.61,16099.26,10411.2,8.7,4647.6,4742.35,2142.46,73139.99,0,Normal
EMP00423,Engineering,13,93.7,42810.14,13859.43,4901.94,15.2,5364.96,8051.32,2024.68,62960.91,0,Normal
EMP00079,Sales,2,70.9,47120.85,23382.48,10323.72,7.2,0.0,7911.53,1284.91,74811.27,0,Normal
EMP00810,Engineering,22,79.8,68605.24,34241.82,7204.48,5.2,4097.46,9876.42,4394.38,103222.71,0,Normal
EMP01193,Sales,28,61.0,48152.12,23418.69,10931.39,6.0,4644.98,6008.23,1225.66,82621.85,0,Normal
EMP00414,Finance,11,75.0,35077.6,16825.93,5312.64,0.5,4991.9,8849.02,1714.64,51808.84,0,Normal
EMP00622,Engineering,13,41.3,54002.73,21061.7,10765.32,5.1,0.0,9730.24,1099.91,77581.61,0,Normal
EMP00731,Engineering,27,73.9,61555.41,18635.07,9435.99,14.4,0.0,12495.5,1837.24,83603.71,0,Normal
EMP00998,Engineering,16,71.8,51187.42,20714.54,8364.18,15.2,0.0,14726.23,2167.29,70666.83,0,Normal
EMP00905,Sales,19,52.1,44388.26,19075.99,8654.68,3.1,4777.47,4512.95,1334.91,72338.57,0,Normal
EMP00788,Sales,1,76.8,41736.63,15497.62,6380.37,17.7,0.0,5634.42,1712.83,63193.04,0,Normal
EMP01316,Finance,23,,57937.19,20264.02,7619.76,6.0,0.0,16110.18,4111.86,68857.9,0,Normal
EMP00430,Engineering,3,51.5,56033.73,24192.2,6733.29,2.7,0.0,5728.88,4322.74,78325.95,0,Normal
EMP00765,Engineering,24,72.9,79888.99,28311.93,17056.06,2.7,0.0,22831.42,4800.97,99646.78,0,Normal
EMP01545,Sales,9,81.8,32751.57,13100.63,4912.74,20.2,3275.16,6550.31,1637.58,182190.89,1,net_salary_inconsistency
EMP00125,Engineering,19,71.3,45568.13,14441.14,11223.96,7.4,0.0,10576.66,3110.65,60707.21,0,Normal
EMP01346,Sales,10,46.6,34571.31,13538.32,4096.62,3.7,0.0,6976.5,1005.35,45423.59,0,Normal
EMP01274,Engineering,25,62.9,52907.75,24463.97,11654.2,0.2,0.0,14308.76,3243.09,71573.27,0,Normal
EMP00260,Engineering,15,75.5,61094.03,21544.78,11702.83,1.5,6081.55,14937.02,2102.82,84242.48,0,Normal
EMP00514,Operations,26,48.0,27620.72,9564.4,3749.33,2.5,0.0,3863.31,892.58,36825.92,0,Normal
EMP00495,HR,22,73.1,40369.39,18688.37,7689.84,0.6,0.0,10247.26,1616.99,55110.43,0,Normal
EMP01457,Finance,4,73.5,41924.09,15738.75,7624.42,4.2,0.0,5369.0,3287.89,58281.13,0,Normal
EMP00487,Engineering,8,50.6,52754.27,22291.8,7550.54,19.1,0.0,8165.01,3830.53,80047.38,0,Normal
EMP00352,Operations,18,48.6,33450.72,10563.33,7069.99,4.6,3036.63,7813.65,2161.79,45587.79,0,Normal
EMP01627,Management,25,41.4,0.0,18866.43,2084.53,0.0,33114.87,0.0,0.0,54065.83,1,ghost_employee
EMP01650,Management,15,53.3,66091.24,26436.5,9913.69,4.3,6609.12,-2341.35,-992.61,115048.81,1,negative_deduction
EMP01464,Finance,13,55.2,65515.05,26249.85,7069.5,0.8,0.0,9101.74,3152.85,87071.17,0,Normal
EMP00276,HR,14,100.0,39978.06,19256.91,4754.08,12.6,0.0,11529.47,2426.71,54755.28,0,Normal
EMP00515,Engineering,24,45.3,74384.51,29789.91,9942.04,11.7,0.0,13767.55,4857.95,103650.01,0,Normal
EMP01044,Finance,18,60.4,35774.0,14701.19,4460.48,7.3,0.0,3656.3,2519.27,51208.38,0,Normal
EMP00887,Finance,15,63.9,50002.28,18393.89,5802.98,2.5,2803.79,12368.07,2016.01,63790.79,0,Normal
EMP01111,Operations,13,46.7,37781.41,14495.89,4060.71,8.8,3558.91,7159.9,964.04,54889.95,0,Normal
EMP01236,Sales,4,42.3,28953.19,13222.27,6033.92,1.6,0.0,4412.33,923.72,43307.63,0,Normal
EMP00409,Management,16,73.6,51874.17,22395.76,8857.2,4.5,0.0,6627.19,2493.61,76194.77,0,Normal
EMP01660,HR,13,52.9,32163.74,12865.5,,280.8,3216.37,6432.75,1608.19,129700.28,1,impossible_overtime
EMP01447,Finance,1,51.5,43347.81,13119.03,8695.96,0.9,0.0,7379.7,1679.74,56469.11,0,Normal
EMP00074,Operations,3,52.0,55637.67,27030.33,12338.82,6.0,0.0,5789.43,1928.8,90418.21,0,Normal
EMP00110,Engineering,5,44.3,69833.12,32162.49,11662.76,20.7,12030.64,13242.16,2860.84,123138.0,0,Normal
EMP01246,Finance,13,66.2,64745.07,20231.95,10128.65,1.6,0.0,15833.56,4746.82,75496.47,0,Normal
EMP01565,Finance,6,68.6,58645.72,23458.29,8796.86,24.0,5864.57,11729.14,2932.29,9529.93,1,net_salary_inconsistency
EMP00549,HR,5,97.3,37071.56,18281.82,3981.27,2.8,4364.23,6790.89,2631.07,55250.05,0,Normal
EMP00799,Finance,22,64.4,61616.62,25966.91,11876.16,9.9,0.0,15795.37,2410.93,86972.18,0,Normal
EMP01074,Engineering,20,73.0,65711.17,22876.3,9343.65,1.1,6680.47,12936.46,3031.68,89321.1,0,Normal
EMP01038,Operations,9,95.4,35153.18,13063.9,5497.01,4.1,0.0,6450.3,1695.3,46919.69,0,Normal
EMP01031,Engineering,2,43.1,35822.51,12871.83,8498.04,1.4,4506.46,4062.47,1895.84,56210.7,0,Normal
EMP01023,Management,29,85.5,76752.95,24530.36,16895.07,2.7,13834.61,16277.46,4422.12,113256.22,0,Normal
EMP00052,Operations,2,67.4,29456.76,12691.99,4589.73,19.8,2641.11,5862.91,1602.08,47382.51,0,Normal
EMP01209,Sales,21,53.3,31951.28,14442.01,4666.9,0.1,0.0,5778.79,1670.1,43641.25,0,Normal
EMP00077,Operations,19,92.1,48421.61,16576.03,11004.82,10.3,0.0,7854.39,3621.68,69202.1,0,Normal
EMP00248,Management,26,47.5,107024.01,49182.5,21953.82,0.3,0.0,19984.01,3930.18,154547.15,0,Normal
EMP01375,Engineering,9,43.8,49991.6,22183.45,11896.44,7.4,3739.88,6027.32,1816.44,83435.78,0,Normal
EMP00186,Finance,5,89.1,33666.12,11023.29,7432.68,5.9,6461.86,4264.7,944.92,55236.49,0,Normal
EMP00271,Operations,11,86.6,37459.25,18135.82,7135.31,19.0,0.0,6067.87,2371.72,60963.22,0,Normal
EMP01539,Sales,2,90.9,46627.31,18650.92,6994.1,3.3,4662.73,-1718.99,-139.01,80235.59,1,negative_deduction
EMP00531,Operations,2,42.9,39693.55,13070.58,4519.8,13.1,0.0,10031.61,1969.91,50157.27,0,Normal
EMP00124,Engineering,2,41.0,66480.43,25572.83,14324.01,10.0,0.0,15668.02,4492.36,92449.43,0,Normal
EMP00252,Sales,23,43.0,47006.07,22046.98,8099.27,3.7,8969.34,9672.02,1321.94,76758.22,0,Normal
EMP00916,Sales,3,73.8,39155.34,17497.47,6295.38,0.4,0.0,8313.59,935.03,53846.4,0,Normal
EMP01351,Operations,28,78.4,38854.93,16288.38,4779.62,2.0,0.0,7702.14,2075.38,50873.94,0,Normal
EMP00708,Operations,19,90.7,44013.64,18513.46,8668.33,0.6,4205.86,6924.75,2317.5,66406.62,0,Normal
EMP00585,Finance,4,97.8,39799.12,12128.44,5709.55,11.2,0.0,5367.14,1857.14,54591.74,0,Normal
EMP00211,HR,2,88.5,36789.38,12472.82,7068.27,20.2,0.0,6682.58,812.84,55802.04,0,Normal
EMP01296,Engineering,11,76.5,72846.95,30658.56,10575.65,7.8,0.0,16436.93,2548.25,100422.91,0,Normal
EMP01387,Operations,13,54.9,23979.06,10433.71,3611.76,1.1,3205.15,6120.12,837.68,34519.16,0,Normal
EMP01271,Finance,7,61.7,56210.67,20559.87,9082.23,3.2,0.0,14197.19,3659.85,69682.05,0,Normal
EMP00345,Sales,25,64.9,40468.34,12223.74,9799.53,0.8,3164.87,5192.48,1193.59,59573.92,0,Normal
EMP00583,HR,24,79.0,38490.37,12802.04,6994.48,17.1,4877.32,3985.33,2812.42,62536.95,0,Normal
EMP01392,Engineering,7,74.3,32440.91,14780.38,6472.73,17.1,5274.2,6884.67,2245.58,55038.65,0,Normal
EMP01161,Operations,25,57.5,38516.01,17331.13,8905.48,7.0,0.0,9622.19,2691.04,54967.0,0,Normal
EMP00627,HR,28,84.8,35835.54,16143.68,6638.19,2.2,0.0,6562.95,877.85,51915.72,0,Normal
EMP00661,Sales,22,85.9,40818.69,15486.55,7994.11,0.3,0.0,4984.61,914.39,58515.15,0,Normal
EMP00068,Operations,24,41.0,33823.98,13139.22,5639.4,5.8,3165.8,8626.1,1817.6,47163.88,0,Normal
EMP00399,Operations,4,64.0,46941.51,18709.19,11537.13,12.6,0.0,11516.96,3084.08,68131.76,0,Normal
EMP00317,Sales,26,50.3,40911.47,18596.48,,16.0,3966.52,10600.82,1793.85,62128.12,0,Normal
EMP00142,Sales,18,65.1,50928.38,20014.95,11567.47,19.7,7198.72,14024.85,3941.5,81149.01,0,Normal
EMP00354,Engineering,29,61.3,32601.56,11482.59,3546.03,2.8,0.0,6137.49,766.33,41582.15,0,Normal
EMP00807,Management,8,81.3,76447.91,29724.53,14988.92,3.8,0.0,11206.84,3305.61,109372.37,0,Normal
EMP01212,HR,7,96.0,34161.99,11681.28,6204.37,10.0,0.0,7159.47,1671.02,46419.84,0,Normal
EMP01666,HR,7,43.9,46822.1,18728.84,7023.31,6.8,4682.21,-4951.92,-276.86,85470.15,1,negative_deduction
EMP01510,HR,7,64.4,58445.97,23378.39,8766.9,19.6,29222.99,2922.3,1168.92,126462.48,1,duplicate_manipulation
EMP01641,Operations,11,65.7,27952.91,11181.16,4192.94,4.4,13976.45,1397.65,559.06,56499.81,1,duplicate_manipulation
EMP00262,Management,1,93.3,99305.13,47083.92,13650.65,9.4,,17857.88,7435.96,143497.12,0,Normal
EMP00669,Engineering,2,44.9,53816.94,17826.34,6700.38,4.7,0.0,9611.26,1213.13,69890.58,0,Normal
EMP00416,Sales,13,85.9,41679.23,15227.88,7201.53,5.3,0.0,6212.79,3077.47,56889.32,0,Normal
EMP01091,Management,21,66.2,77704.12,34066.27,11371.04,7.5,0.0,18314.29,1643.75,108646.96,0,Normal
EMP01625,Management,9,49.7,59758.61,23903.44,8963.79,18.6,311787.37,11951.72,2987.93,399893.97,1,bonus_abuse
EMP00902,Engineering,21,47.8,53351.54,16661.11,5873.61,3.9,5852.29,5891.98,3431.53,74365.71,0,Normal
EMP01218,Finance,13,87.4,35413.48,16048.39,4913.05,1.0,0.0,5036.07,2337.39,49333.46,0,Normal
EMP00185,Sales,5,42.1,50545.99,23289.62,6552.45,3.3,3404.34,5287.97,2486.13,77582.07,0,Normal
EMP01319,Engineering,3,99.4,38936.73,17720.15,4022.06,0.8,0.0,4459.67,2623.02,53888.28,0,Normal
EMP00353,Finance,28,66.7,42114.95,16364.17,5653.92,2.1,3177.82,7828.49,2641.15,57670.36,0,Normal
EMP00846,Sales,23,64.9,43919.64,18319.65,10771.25,1.5,4378.0,5423.74,1326.99,71255.43,0,Normal
EMP00351,HR,26,75.0,30008.18,11042.84,5001.94,0.7,0.0,5594.89,730.36,39924.64,0,Normal
EMP00491,HR,22,80.4,42057.43,15600.5,5272.92,7.9,2598.27,5135.56,2860.73,60647.71,0,Normal
EMP01444,Sales,10,96.7,31293.0,14768.08,,0.2,0.0,7633.39,857.28,44554.84,0,Normal
EMP01001,Engineering,16,71.2,41662.5,13166.23,8742.16,5.4,0.0,4843.51,1243.87,59592.67,0,Normal
EMP01472,Operations,23,68.6,38705.48,14812.71,4973.28,9.4,0.0,7744.93,2705.21,51452.25,0,Normal
EMP00746,Operations,1,91.7,38581.74,15434.84,7740.07,20.0,0.0,5702.28,1988.42,61300.03,0,Normal
EMP00238,Engineering,8,73.7,43340.63,15417.5,6495.2,13.2,2452.46,7473.47,1876.89,63718.83,0,Normal
EMP01628,Engineering,10,51.1,47612.02,19044.81,7141.8,15.7,23806.01,2380.6,952.24,101279.69,1,duplicate_manipulation
EMP01294,Finance,22,84.7,42126.64,18707.46,9495.84,8.2,0.0,5509.95,1020.82,67037.66,0,Normal
EMP01121,Operations,18,80.8,21193.55,6464.88,3921.42,4.4,0.0,3287.91,1099.35,28066.82,0,Normal
EMP00427,Sales,12,42.1,43587.97,18262.03,4616.15,4.1,2277.22,9186.87,2941.95,58289.96,0,Normal
EMP01478,Operations,11,91.1,42530.48,13125.76,9513.12,5.0,0.0,9883.38,1261.87,56017.73,0,Normal
EMP01166,Operations,7,45.1,40349.93,13708.04,6190.09,1.0,0.0,6768.13,1785.72,52072.49,0,Normal
EMP00671,Engineering,15,40.6,63498.57,31460.75,7735.86,2.5,11686.74,17859.03,3317.17,94693.97,0,Normal
EMP00787,Finance,10,52.7,54148.1,23956.61,7087.03,26.2,4983.38,6215.8,1089.05,96170.4,0,Normal
EMP00479,Management,4,58.3,117125.45,38914.2,28591.72,19.2,0.0,20218.87,5502.98,179992.1,0,Normal
EMP01101,Engineering,19,52.6,60240.86,19674.78,14226.73,14.5,0.0,16599.47,3120.11,82611.78,0,Normal
EMP01406,HR,22,78.7,35143.29,13378.92,8408.24,9.9,0.0,4060.26,2419.71,53712.22,0,Normal
EMP01264,HR,26,72.3,37695.66,15157.96,5379.22,11.1,0.0,7264.04,3011.82,51879.68,0,Normal
EMP01533,Engineering,7,96.8,0.0,10041.64,7117.98,0.0,31350.13,0.0,0.0,48509.75,1,ghost_employee
EMP00940,Finance,7,64.4,58996.79,18645.19,6681.95,19.6,0.0,7254.08,3423.42,84487.09,0,Normal
EMP00901,Engineering,12,57.5,65210.78,28017.59,8994.24,1.7,0.0,9872.73,1388.1,92001.08,0,Normal
EMP00840,Finance,17,55.8,41806.07,16542.59,5846.7,1.6,0.0,9498.68,3134.96,52188.81,0,Normal
EMP00986,HR,8,89.2,48429.04,20326.28,11814.84,0.3,0.0,13456.54,1726.5,65523.33,0,Normal
EMP01622,Management,22,46.3,95564.3,38225.72,14334.65,228.2,9556.43,19112.86,4778.22,338237.89,1,impossible_overtime
EMP00241,Management,26,96.6,61155.6,28446.05,9480.33,1.1,10523.31,15769.99,3438.09,91027.88,0,Normal
EMP00833,Engineering,14,82.6,69266.96,26917.61,17151.43,21.6,0.0,19413.96,2820.01,105128.59,0,Normal
EMP01434,Finance,26,94.5,50638.25,21621.59,7429.99,2.4,3268.33,8941.87,3469.27,71686.38,0,Normal
EMP00304,Finance,6,81.0,40644.28,15843.45,8753.12,1.1,6803.76,4763.3,1064.11,66636.34,0,Normal
EMP01428,Management,11,54.2,76346.35,27448.81,11296.06,8.5,0.0,14808.17,5018.27,101348.63,0,Normal
EMP01243,Operations,4,50.4,30626.56,15045.55,3962.99,3.3,4969.09,5675.43,1032.27,48844.0,0,Normal
EMP00882,Finance,4,67.8,45497.89,14745.39,11237.68,15.9,7648.14,4939.1,1373.43,79598.6,0,Normal
EMP01674,Engineering,18,,35450.88,14180.35,5317.63,379.6,3545.09,7090.18,1772.54,175792.05,1,impossible_overtime
EMP00417,Sales,8,84.7,27463.81,8298.53,3484.46,5.6,0.0,8051.25,773.67,31863.73,0,Normal
EMP00171,Finance,1,42.6,66838.26,23479.79,12871.65,8.9,9700.67,14818.1,3990.64,99658.45,0,Normal
EMP01145,Sales,9,93.5,59961.01,20079.85,13224.64,14.5,4091.63,17506.63,2979.89,85021.56,0,Normal
EMP01081,Operations,29,78.9,35847.16,12051.04,5404.89,6.5,0.0,5979.86,1550.57,47957.1,0,Normal
EMP00744,HR,12,82.0,40587.5,16859.08,6855.05,4.3,0.0,7189.8,1234.6,57513.41,0,Normal
EMP00045,Sales,26,61.4,42439.74,16222.09,9874.53,0.4,0.0,4292.53,2516.49,61886.49,0,Normal
EMP00963,Engineering,13,99.0,54768.88,17374.13,8447.06,1.7,0.0,7281.42,2167.26,72014.27,0,Normal
EMP00716,Management,2,84.9,105122.31,36442.39,16225.0,11.6,0.0,15783.73,3172.56,150265.46,0,Normal
EMP00530,Operations,19,40.4,32928.76,15308.39,5130.52,18.1,0.0,4964.89,869.83,53120.55,0,Normal
EMP00612,Operations,23,76.2,48560.41,19908.49,9906.65,14.1,0.0,11908.04,1073.65,71812.94,0,Normal
EMP00451,Operations,22,100.0,32665.51,12146.4,4632.1,2.1,0.0,7200.14,2206.07,40680.9,0,Normal
EMP01544,Engineering,25,74.7,68207.94,27283.18,10231.19,251.4,6820.79,13641.59,3410.4,256248.7,1,impossible_overtime
EMP01521,HR,12,52.7,38082.15,15232.86,5712.32,1.5,208302.05,7616.43,1904.11,258344.37,1,bonus_abuse
EMP00434,Engineering,5,91.5,65847.22,27234.07,6852.46,6.0,0.0,9403.67,3035.49,91198.5,0,Normal
EMP00561,Operations,12,95.4,39104.85,16451.63,9678.49,4.1,4565.6,4694.23,1815.72,64793.71,0,Normal
EMP00176,Engineering,20,51.7,50954.97,23531.25,9618.13,13.1,5191.93,12184.76,2321.97,81047.46,0,Normal
EMP00908,Sales,17,75.6,40791.49,16132.35,8480.89,0.2,0.0,5883.94,2287.53,57309.74,0,Normal
EMP00917,Sales,28,84.1,47541.94,16248.23,9004.75,1.2,8977.32,11551.32,2722.61,68033.16,0,Normal
EMP00367,Management,22,49.1,113922.55,44354.94,23372.88,21.7,0.0,13911.91,6574.44,184340.14,0,Normal
EMP00665,Engineering,21,59.1,57023.86,24762.85,10367.75,8.8,0.0,16781.0,2183.79,77894.14,0,Normal
EMP01035,Engineering,7,53.0,57276.47,18595.19,11153.54,0.5,0.0,6472.77,4541.11,76279.8,0,Normal
EMP01141,Operations,8,73.9,43415.58,19403.36,7717.33,4.3,5120.86,8064.46,2305.59,67037.27,0,Normal
EMP00199,Operations,22,87.4,23168.71,9074.86,4878.63,1.3,0.0,2471.65,999.59,33933.33,0,Normal
EMP00016,Engineering,13,64.5,51631.9,19954.14,8795.81,6.0,0.0,5997.35,2811.34,74477.45,0,Normal
EMP00496,Sales,24,98.7,39341.39,16616.47,5275.25,19.2,5045.14,7308.48,3052.52,62998.7,0,Normal
EMP01281,Finance,4,91.3,69245.42,30159.47,12245.3,5.8,0.0,7315.98,4372.97,103726.46,0,Normal
EMP01266,Engineering,24,73.3,61171.06,22169.17,13056.75,7.4,0.0,9451.31,1665.26,89524.15,0,Normal
EMP00406,Operations,17,68.0,32749.38,15735.51,3908.99,16.3,3301.8,3864.21,1856.18,54979.8,0,Normal
EMP00644,Sales,17,68.2,28376.57,8834.65,4812.6,1.9,4651.57,4740.15,876.12,41564.58,0,Normal
EMP01299,Finance,21,74.3,55496.54,25856.53,7669.6,3.5,0.0,9365.85,2679.05,78798.75,0,Normal
EMP01315,HR,10,62.8,40126.73,14209.35,7584.93,22.2,0.0,6243.09,3068.62,60960.68,0,Normal
EMP00523,Management,9,,63733.37,27148.13,11834.0,1.3,,18991.17,4921.45,79579.63,0,Normal
EMP00200,Operations,15,44.5,36466.88,16227.81,3847.51,3.5,3684.66,4311.0,2434.03,54678.4,0,Normal
EMP01562,Management,29,83.8,82907.24,33162.9,12436.09,24.0,8290.72,16581.45,4145.36,13472.43,1,net_salary_inconsistency
EMP00383,Finance,19,60.5,68273.85,25976.92,11506.41,39.5,0.0,11758.12,2084.87,117196.85,0,Normal
EMP01340,Engineering,6,85.0,59080.62,22712.86,14308.05,0.3,8175.68,6056.86,1571.62,96814.89,0,Normal
EMP00755,Engineering,26,61.5,33387.31,11975.05,3848.95,19.0,0.0,7023.22,1979.53,46155.67,0,Normal
EMP01429,Finance,20,62.6,41199.58,14815.91,9484.75,10.4,0.0,6232.82,2990.64,60293.74,0,Normal
EMP00999,Management,21,45.0,103069.59,35595.55,21408.61,5.2,5186.58,26577.53,4029.67,139677.77,0,Normal
EMP01064,Sales,15,47.0,40368.98,18549.66,9441.11,8.8,0.0,5964.23,1603.28,64122.68,0,Normal
EMP01109,Finance,3,67.1,44454.02,19286.1,6373.49,4.1,0.0,5851.33,2146.02,63824.96,0,Normal
EMP00057,Engineering,11,51.9,46918.11,21228.59,8896.35,0.5,,7739.84,1361.89,74610.13,0,Normal
EMP00966,Sales,24,58.1,46924.07,15317.7,8032.46,15.8,0.0,12211.61,1814.78,63198.47,0,Normal
EMP00044,Management,14,92.1,89779.36,27658.34,16339.99,22.6,0.0,13107.8,7070.51,132621.38,0,Normal
EMP00101,Engineering,2,90.2,61699.92,24126.79,15122.08,6.2,11653.16,8014.93,2039.8,106133.53,0,Normal
EMP00275,HR,2,76.2,36830.15,12803.24,6863.29,11.3,4513.13,9332.85,1629.43,53949.22,0,Normal
EMP01175,Finance,6,60.5,59794.21,19993.15,11303.28,1.7,3927.47,13435.85,2878.55,79656.68,0,Normal
EMP00102,Finance,17,57.4,50836.06,22040.08,10536.73,0.6,9475.32,10949.17,1433.66,80791.31,0,Normal
EMP00693,HR,4,55.1,29644.54,14169.58,4187.73,18.4,0.0,3689.49,2052.92,47373.12,0,Normal
EMP00108,Operations,21,96.4,27768.74,12216.24,5722.91,27.8,0.0,6488.78,1105.71,45350.63,0,Normal
EMP00539,HR,19,67.8,41597.35,19502.61,6331.44,2.4,0.0,11144.49,2988.02,54234.83,0,Normal
EMP00498,Engineering,3,57.0,70811.17,24859.48,14462.86,0.6,0.0,12346.68,3118.66,95066.48,0,Normal
EMP00576,Management,6,40.0,50906.41,24414.35,6752.13,16.1,2956.89,10639.53,3075.01,78998.93,0,Normal
EMP00638,Engineering,19,75.2,45447.69,15033.19,7898.82,11.6,0.0,7643.54,1914.29,63764.31,0,Normal
EMP01042,Operations,19,55.4,33472.77,10996.18,7253.47,28.2,0.0,6546.45,2442.46,51582.87,0,Normal
EMP01047,Engineering,4,82.8,72809.39,31605.6,15039.75,2.3,0.0,10239.24,1618.59,109166.86,0,Normal
EMP01374,HR,8,45.6,31569.19,13393.74,7390.22,0.7,0.0,9420.49,2281.51,40858.32,0,Normal
EMP00868,Engineering,16,87.9,69867.36,33694.78,12617.44,6.3,0.0,13627.31,1500.74,105178.07,0,Normal
EMP01006,Finance,22,57.9,38833.96,14653.66,5262.32,8.0,7210.34,6974.92,1352.54,60545.37,0,Normal
EMP00129,Engineering,4,56.7,41759.6,18032.17,4604.67,27.1,6141.19,11445.56,1021.04,68680.58,0,Normal
EMP00372,Engineering,15,41.7,33778.73,15208.38,6728.77,0.0,0.0,9297.28,1868.59,44550.01,0,Normal
EMP01675,HR,2,70.2,280774.18,112309.67,42116.13,16.5,42116.13,56154.84,14038.71,450554.82,1,salary_spike
EMP01620,Sales,29,88.1,243451.16,97380.46,36517.67,5.4,36517.67,48690.23,12172.56,365328.88,1,salary_spike
EMP00845,Engineering,22,75.8,32276.62,10363.92,4044.66,4.9,0.0,8755.15,1953.01,37459.75,0,Normal
EMP01260,Finance,21,49.1,35408.81,15456.23,7719.42,8.4,0.0,10078.37,1574.85,49719.68,0,Normal
EMP01579,Sales,4,,35769.91,14307.96,5365.49,17.7,245704.17,7153.98,1788.5,298140.62,1,bonus_abuse
EMP00558,Engineering,6,51.8,57286.0,20232.59,9261.26,6.7,8141.12,11801.93,4374.87,82342.45,0,Normal
EMP00332,Operations,8,58.3,55465.59,24048.42,6077.32,3.5,8959.1,9175.02,3891.3,83304.07,0,Normal
EMP00535,Operations,20,93.6,36011.04,13909.64,,2.1,0.0,4661.8,2635.21,48251.72,0,Normal
EMP01053,Management,29,43.6,95882.0,35195.82,13692.97,0.7,0.0,14280.4,6974.41,124145.21,0,Normal
EMP00753,Finance,11,58.7,57018.56,18739.51,10410.77,9.4,3656.69,16168.21,4420.54,74261.54,0,Normal
EMP01610,HR,21,43.6,41479.57,16591.83,6221.94,2.2,208407.21,8295.91,2073.98,263186.18,1,bonus_abuse
EMP00619,Operations,14,40.7,31565.58,14629.42,6437.42,14.8,0.0,4201.6,1282.75,51527.79,0,Normal
EMP00809,HR,8,96.3,36635.64,17391.81,8927.95,0.8,2844.75,3933.89,1214.91,60926.12,0,Normal
EMP01363,Finance,29,99.8,54042.3,24235.73,11732.71,21.7,0.0,11352.08,1691.04,87961.85,0,Normal
EMP00484,Finance,14,71.4,54976.09,17245.45,11211.62,0.6,0.0,14982.9,2803.74,65955.76,0,Normal
EMP01389,Management,22,99.4,98384.9,46466.12,15746.45,2.3,0.0,25530.66,3105.54,134082.69,0,Normal
EMP00773,Engineering,7,77.8,49416.27,21397.8,5071.33,8.8,0.0,9702.39,3613.63,66646.22,0,Normal
EMP00964,Sales,3,54.7,39633.98,18345.67,7142.83,6.8,7168.59,4297.52,3077.78,67442.44,0,Normal
EMP01561,Engineering,12,75.7,28685.7,11474.28,4302.85,2.7,14342.85,1434.29,573.71,57523.79,1,duplicate_manipulation
EMP01535,Sales,14,84.3,50355.1,20142.04,7553.26,27.6,5035.51,10071.02,2517.76,8352.65,1,net_salary_inconsistency
EMP00227,Management,19,94.4,103431.34,42773.56,23284.94,3.9,0.0,11170.86,4474.4,157626.29,0,Normal
EMP00232,HR,4,96.1,33255.99,13652.66,4634.6,2.3,3374.4,8821.28,1539.94,45273.51,0,Normal
EMP00651,Engineering,14,90.0,49203.27,23480.65,10883.45,2.2,0.0,8616.96,3484.71,72480.52,0,Normal
EMP01512,Management,7,95.5,0.0,8300.15,4481.89,0.0,12836.54,0.0,0.0,25618.58,1,ghost_employee
EMP01380,Finance,17,92.6,50604.28,15726.09,9665.79,7.3,0.0,6208.41,1980.2,71270.78,0,Normal
EMP00164,HR,9,75.3,41405.51,16063.19,4893.94,14.7,0.0,4268.76,1297.69,62502.39,0,Normal
EMP00428,Operations,16,70.8,32063.78,14357.3,3311.45,3.0,2875.54,7892.22,2479.33,43138.31,0,Normal
EMP00721,Management,8,85.2,97367.33,31760.71,15971.57,8.5,0.0,17802.65,3950.79,131105.13,0,Normal
EMP00267,Finance,15,86.1,72618.28,28442.02,8346.52,8.8,0.0,11967.15,1732.07,101698.61,0,Normal
EMP00149,Engineering,20,74.8,68030.75,32009.11,8808.15,5.7,0.0,18708.14,4596.88,89178.38,0,Normal
EMP00426,HR,4,74.1,42851.74,13431.74,5469.82,2.9,0.0,7010.02,1305.32,54602.99,0,Normal
EMP01252,HR,12,54.3,48765.52,23168.39,12111.83,10.9,0.0,12699.15,2217.91,74111.91,0,Normal
EMP00600,Engineering,1,59.6,70778.97,32379.57,12449.23,1.1,9542.31,7532.58,2422.69,115924.72,0,Normal
EMP01324,Engineering,27,99.6,45800.12,22678.19,5580.48,14.6,0.0,8553.49,3098.89,68675.3,0,Normal
EMP00307,HR,5,84.8,49689.33,22107.76,5125.52,2.3,0.0,14346.64,2731.53,60915.87,0,Normal
EMP00193,Management,4,44.5,89746.33,28400.63,16488.71,11.2,,11972.91,6540.67,125545.45,0,Normal
EMP00310,Sales,10,51.1,46001.42,16386.16,10235.24,15.7,6301.97,9701.82,2998.92,72994.88,0,Normal
EMP00603,Engineering,1,53.1,55905.2,23349.95,12675.37,8.6,9081.46,7965.05,3212.32,94341.97,0,Normal
EMP00064,Sales,29,83.4,45724.19,19084.7,10876.93,7.1,7969.73,12555.39,2686.52,71457.16,0,Normal
EMP00922,HR,24,72.8,42208.45,17533.23,9410.44,2.7,0.0,9108.05,1868.61,59243.86,0,Normal
EMP01672,Sales,12,75.8,44499.53,17799.81,6674.93,5.9,142701.63,8899.91,2224.98,203012.39,1,bonus_abuse
EMP01075,Management,2,,58198.91,27636.42,9408.96,8.2,0.0,6877.23,2484.53,90356.57,0,Normal
EMP00969,Finance,20,62.7,57869.19,21769.83,12699.89,3.5,0.0,11958.1,2604.13,79675.51,0,Normal
EMP01468,Sales,20,76.5,48281.13,15988.52,8512.25,16.7,0.0,14064.91,3841.93,62434.07,0,Normal
EMP00395,Sales,28,60.6,39961.69,12946.72,5218.96,2.6,7544.36,6178.73,1160.66,59306.41,0,Normal
EMP00949,Operations,9,57.3,32371.05,15997.39,3577.33,0.5,0.0,4794.38,1618.73,45684.4,0,Normal
EMP00384,Operations,18,44.6,31343.23,14948.13,5368.04,4.2,0.0,8476.55,1326.25,43090.74,0,Normal
EMP01179,Operations,2,72.1,35056.51,13323.67,7188.41,1.5,0.0,8598.95,1162.16,46300.46,0,Normal
EMP00219,Finance,14,76.3,43338.23,16527.51,5601.19,8.8,0.0,10561.02,1429.7,57051.61,0,Normal
EMP00594,Sales,4,83.0,25524.3,7858.38,,25.0,2172.23,6990.29,2039.18,38715.21,0,Normal
EMP00287,HR,10,60.6,34299.68,15966.87,8105.84,3.1,2997.6,5953.27,1272.72,55140.83,0,Normal
EMP00480,HR,22,97.1,30527.27,13165.86,5514.17,1.7,0.0,8862.7,1120.64,39710.49,0,Normal
EMP01430,Operations,12,70.4,34491.8,12557.78,8008.57,0.0,0.0,9597.2,2453.35,43007.6,0,Normal
EMP00545,Finance,1,41.0,54508.01,16780.5,11074.14,4.3,0.0,6754.96,2897.91,74907.13,0,Normal
EMP00362,Finance,24,48.4,56403.07,17962.81,13122.26,0.8,4550.18,16275.36,3931.99,72253.99,0,Normal
EMP00707,Sales,12,49.2,51292.92,21483.95,11452.47,7.8,7454.86,6022.13,1583.09,87829.77,0,Normal
EMP01419,HR,9,99.9,39964.45,15325.53,5240.41,23.2,0.0,6328.96,1428.29,61465.41,0,Normal
EMP01676,Engineering,8,61.1,58453.98,23381.59,8768.1,9.8,219869.32,11690.8,2922.7,301229.95,1,bonus_abuse
EMP01378,HR,8,97.9,44429.18,22164.21,9377.95,2.9,0.0,12682.44,2631.46,61865.36,0,Normal
EMP01207,Finance,11,54.0,44106.18,15340.72,5527.78,1.3,0.0,5725.83,3352.58,56433.81,0,Normal
EMP01336,Finance,17,67.6,58945.26,18548.47,9453.58,11.1,0.0,15237.37,3696.71,74147.22,0,Normal
EMP01463,Engineering,16,44.0,56005.92,20277.6,9521.14,6.6,9956.48,15816.79,1236.86,82172.86,0,Normal
EMP01041,HR,16,61.8,50630.44,24798.59,8456.86,8.9,0.0,12961.01,2984.29,72165.07,0,Normal
EMP00584,Sales,7,61.4,52456.9,18190.09,6234.32,0.2,0.0,14286.89,1317.83,61374.95,0,Normal
EMP00655,Sales,19,77.3,39583.22,15131.11,8912.11,6.4,0.0,9387.99,2174.2,54439.24,0,Normal
EMP01202,Engineering,29,80.8,38767.96,13341.23,5819.34,0.5,0.0,11453.93,1835.78,44820.54,0,Normal
EMP00615,Operations,12,44.1,29060.24,13555.81,6443.93,1.7,2995.7,6413.11,901.57,45204.15,0,Normal
EMP01168,HR,19,75.3,35290.3,12749.79,4766.08,5.5,0.0,7367.86,1346.87,45911.1,0,Normal
EMP00793,HR,26,44.6,31659.87,15561.66,7737.99,3.0,5863.72,5520.6,2371.09,53821.98,0,Normal
EMP00556,Sales,4,42.0,41185.2,15652.12,,0.4,7433.35,6261.11,1351.19,62843.16,0,Normal
EMP01270,Sales,3,80.1,38993.3,19125.33,4497.87,0.4,0.0,6610.7,2763.67,53388.35,0,Normal
EMP01050,Engineering,13,68.3,54991.5,21882.7,6193.8,6.3,0.0,16378.49,2615.74,67321.71,0,Normal
EMP00923,Operations,5,82.2,23449.16,8655.0,5860.01,23.7,3350.04,4360.87,879.13,41284.32,0,Normal
EMP01617,Sales,20,88.9,0.0,11382.37,2773.59,0.0,49116.46,0.0,0.0,63272.42,1,ghost_employee
EMP00577,Engineering,25,76.5,42355.81,13419.4,5085.52,8.9,0.0,6132.25,893.75,57368.79,0,Normal
EMP01180,HR,4,67.6,33377.75,15432.98,7137.17,0.4,3718.97,3975.53,2026.44,53790.07,0,Normal
EMP01138,HR,28,67.1,47811.19,14405.17,9178.19,1.1,0.0,12179.23,1116.81,58591.56,0,Normal
EMP01215,Finance,14,54.8,62291.39,30330.22,10408.61,8.9,6943.98,13466.33,1820.45,99884.86,0,Normal
EMP00278,Finance,5,52.5,67680.8,26616.14,14548.13,18.0,0.0,17211.02,5381.68,97673.51,0,Normal
EMP01300,Operations,22,96.3,38776.02,17134.26,6721.54,2.6,0.0,8639.54,2814.41,52123.04,0,Normal
EMP01546,Operations,13,55.4,30757.34,12302.94,4613.6,230.1,,6151.47,1537.87,109409.62,1,impossible_overtime
EMP01174,Sales,11,92.5,38786.74,12317.03,8920.54,4.0,4726.4,5483.21,1483.63,59238.37,0,Normal
EMP00875,Engineering,1,67.2,67722.52,29468.27,15823.1,13.7,0.0,11138.1,2309.05,108264.85,0,Normal
EMP00237,Sales,10,70.2,29875.86,10069.78,5546.04,3.6,0.0,7568.29,1441.38,37490.32,0,Normal
EMP00737,Sales,17,98.7,39670.84,16250.33,4712.41,25.6,0.0,11504.19,1271.54,57378.85,0,Normal
EMP01396,Operations,11,56.9,39277.03,19535.58,,0.7,0.0,7156.61,1920.68,58937.66,0,Normal
EMP01619,Finance,13,68.1,278475.99,111390.4,41771.4,23.7,41771.4,55695.2,13923.8,465664.07,1,salary_spike
EMP01085,Management,9,99.8,109109.83,41898.41,13310.44,6.2,17385.05,32588.33,7318.06,148139.35,0,Normal
EMP01559,HR,25,43.5,393384.77,157353.91,,8.7,59007.72,78676.95,19669.24,602493.38,1,salary_spike
EMP01245,Operations,2,92.7,48387.62,17799.29,11926.26,3.0,0.0,5913.47,2585.87,70974.73,0,Normal
EMP00209,Engineering,16,52.3,49680.61,23742.56,12214.93,0.6,0.0,7951.15,2765.64,75200.76,0,Normal
EMP01234,Engineering,19,59.8,47199.71,16700.78,10910.67,2.6,0.0,10944.66,3603.86,61413.13,0,Normal
EMP01312,Operations,11,68.4,53910.98,26539.48,6772.41,26.7,0.0,11920.03,3952.91,84844.52,0,Normal
EMP00528,Sales,19,99.6,43810.44,16897.32,8212.96,3.9,0.0,9744.14,3448.21,57330.19,0,Normal
EMP00059,Engineering,26,72.2,44975.84,21022.78,4832.24,4.6,0.0,11245.31,2731.93,58793.2,0,Normal
EMP00974,Engineering,12,77.1,62101.77,21317.46,12078.97,6.1,11105.17,8354.64,2570.6,99229.57,0,Normal
EMP01662,Sales,3,76.4,266293.24,106517.3,39943.99,23.4,39943.99,53258.65,13314.66,444543.29,1,salary_spike
EMP00562,Engineering,26,87.0,51885.44,22409.38,7068.88,8.4,0.0,12179.71,2654.83,70615.14,0,Normal
EMP00907,Operations,11,98.0,20000.0,6605.73,2771.46,8.2,0.0,2957.95,606.94,27349.8,0,Normal
EMP01327,Engineering,29,81.8,50354.43,18571.64,10947.65,2.4,0.0,14514.76,3312.37,63179.56,0,Normal
EMP00364,HR,9,54.2,31283.93,13109.3,5933.66,13.2,0.0,5882.28,1200.16,47115.84,0,Normal
EMP00858,HR,14,46.1,23972.96,11075.15,2905.7,2.9,0.0,5140.51,1769.98,31695.08,0,Normal
EMP00355,Engineering,19,69.7,54007.83,19911.46,7830.56,11.8,0.0,6109.67,2895.69,78719.11,0,Normal
EMP00893,Operations,19,63.8,29735.07,11030.1,4926.05,10.2,5382.27,8383.61,659.95,44873.35,0,Normal
EMP01349,Management,2,91.8,55680.66,22415.64,12022.9,0.6,10906.57,12639.78,1746.15,86953.04,0,Normal
EMP01524,HR,4,85.1,27678.93,11071.57,,15.4,13839.47,1383.95,553.58,58800.43,1,duplicate_manipulation
EMP01335,Management,9,92.5,57382.88,20083.7,11791.72,45.7,0.0,9359.02,4404.72,100079.54,0,Normal
EMP01531,Management,24,72.8,0.0,14772.14,6133.41,0.0,49674.98,0.0,0.0,70580.53,1,ghost_employee
EMP00293,Operations,1,86.1,36926.03,15620.66,6318.92,1.2,0.0,8586.94,1933.22,48760.87,0,Normal
EMP00742,Sales,13,87.9,38995.62,12091.89,9110.35,2.2,4944.07,5202.8,2906.83,57836.58,0,Normal
EMP01288,Sales,1,93.5,39890.33,18741.26,4365.44,13.4,0.0,9361.4,2138.04,56508.81,0,Normal
EMP00589,Engineering,27,,57274.98,19834.04,11776.01,13.7,0.0,17021.67,2591.44,76628.18,0,Normal
EMP01019,Management,23,91.3,116424.91,55372.47,20028.29,9.3,0.0,28366.65,5443.79,168166.03,0,Normal
EMP01415,HR,16,49.5,56345.55,17672.07,12623.1,4.9,0.0,11131.78,4492.5,73604.81,0,Normal
EMP00555,Operations,12,56.3,30717.37,15031.59,3957.59,21.8,0.0,7397.27,2219.44,46367.7,0,Normal
EMP00234,HR,18,47.7,38955.75,16841.87,4128.86,7.0,0.0,11603.62,2082.56,48796.77,0,Normal
EMP00597,Finance,11,90.0,48488.07,14824.28,5343.66,24.6,5946.57,10930.55,3366.55,71488.04,0,Normal
EMP01390,HR,12,,52619.1,24899.73,9602.01,11.0,7733.97,11532.08,2866.97,85882.1,0,Normal
EMP00197,Operations,26,68.1,30630.04,9538.07,5371.16,1.6,0.0,8339.03,1858.97,35800.72,0,Normal
EMP01262,Operations,10,85.6,44356.72,17747.83,6432.17,4.6,0.0,13210.09,994.76,56244.75,0,Normal
EMP01598,Engineering,22,68.2,63550.95,25420.38,9532.64,26.3,6355.1,12710.19,3177.55,366242.14,1,net_salary_inconsistency
EMP01404,Operations,19,68.3,37043.07,13673.19,7250.58,10.2,5171.3,4587.79,1164.75,60927.84,0,Normal
EMP00082,Finance,27,55.9,47760.62,21158.91,10089.15,5.3,0.0,13651.1,3816.0,63914.69,0,Normal
EMP01572,Management,15,51.7,32272.52,12909.01,4840.88,5.6,16136.26,1613.63,645.45,65593.9,1,duplicate_manipulation
EMP01433,HR,12,62.8,37700.24,12233.71,7867.42,2.1,0.0,4491.37,2809.4,51242.82,0,Normal
EMP01290,Engineering,27,71.5,46713.51,15586.23,4898.87,11.2,8884.15,7422.44,3658.74,69906.5,0,Normal
EMP00865,Sales,26,94.5,20000.0,8806.95,4464.41,0.1,2537.77,4840.58,455.96,30531.34,0,Normal
EMP00381,Engineering,3,71.4,54669.82,23655.89,12009.36,9.1,9232.01,10653.76,1392.91,92184.43,0,Normal
EMP00112,Engineering,28,57.4,62309.66,25371.68,8156.15,1.0,0.0,15411.13,2645.68,78364.83,0,Normal
EMP01422,HR,12,96.2,40724.11,19590.73,6712.04,20.6,0.0,6454.33,1021.59,67415.8,0,Normal
EMP01673,Management,7,96.4,91325.24,36530.1,13698.79,13.0,9132.52,-2360.7,-610.66,164788.27,1,negative_deduction
EMP01601,HR,23,68.1,31192.85,12477.14,4678.93,17.9,3119.28,-2785.33,-719.41,60207.49,1,negative_deduction
EMP00544,Finance,19,66.3,62206.7,22708.07,11129.66,5.3,0.0,11180.3,4566.37,83388.66,0,Normal
EMP01466,Engineering,15,72.5,44666.95,20006.05,9271.84,4.3,0.0,13271.74,1260.18,61213.56,0,Normal
EMP00904,Finance,26,84.8,48864.56,23850.83,11572.65,3.5,5751.38,5103.02,3505.36,83034.41,0,Normal
EMP00808,Management,11,61.9,77277.08,31403.42,11369.34,11.1,6673.87,21722.42,5448.15,107594.79,0,Normal
EMP01203,Engineering,3,93.4,36731.69,12034.22,4261.73,13.7,6952.51,10016.31,2835.51,51846.06,0,Normal
EMP00311,Sales,2,53.2,52769.68,17661.97,12284.03,8.0,10142.75,11611.64,1987.35,83217.17,0,Normal
EMP00945,Engineering,16,85.2,40727.06,14474.96,5090.1,27.3,8001.32,11936.98,1561.7,65218.34,0,Normal
EMP01113,Engineering,2,89.3,46891.5,19636.1,8470.35,16.4,0.0,9076.98,2144.73,70985.81,0,Normal
EMP01395,Sales,14,96.8,34185.37,13559.5,4036.34,7.6,0.0,10130.68,711.72,43374.52,0,Normal
EMP01117,Engineering,28,43.2,63152.48,25936.37,15412.68,4.6,0.0,13036.66,3599.86,90588.46,0,Normal
EMP00452,Finance,19,82.6,32804.9,15244.78,7998.84,21.6,0.0,6265.48,2548.48,53877.55,0,Normal
EMP01285,Sales,28,49.6,37473.23,11643.94,7006.21,0.6,0.0,6966.64,1760.08,47607.45,0,Normal
EMP00591,Engineering,17,84.5,22561.21,10948.79,3497.03,6.2,0.0,4167.93,1768.7,32381.77,0,Normal
EMP01241,Operations,24,41.9,29226.1,13713.61,5084.01,1.7,4305.36,7358.73,1247.64,44188.5,0,Normal
EMP00486,Management,17,47.1,87709.53,28354.01,21867.15,21.4,17185.29,8847.68,3915.93,159949.09,0,Normal
EMP01453,Operations,18,81.8,33388.07,15947.42,6582.72,18.9,0.0,3394.26,1975.28,56464.62,0,Normal
EMP01667,HR,2,54.9,40015.83,16006.33,6002.37,8.2,4001.58,-2820.81,-771.5,72694.64,1,negative_deduction
EMP01147,Operations,5,96.0,39853.78,12684.84,9837.59,0.2,3947.38,11046.86,2584.7,52766.76,0,Normal
EMP00756,Operations,9,74.0,30658.61,12419.62,7255.91,1.0,2679.76,4746.29,693.0,47862.03,0,Normal
EMP00552,Operations,5,88.5,34036.95,12565.12,5015.17,19.3,0.0,5961.27,1932.77,49881.76,0,Normal
EMP01286,HR,22,79.4,39844.41,17670.72,7213.14,1.3,0.0,7868.8,1374.64,55970.43,0,Normal
EMP01612,Sales,20,61.3,32830.42,13132.17,4924.56,19.1,3283.04,-4328.29,-365.16,64742.34,1,negative_deduction
EMP00621,Engineering,29,90.3,38124.19,12164.37,5100.03,4.5,3763.61,6431.02,2923.84,51405.7,0,Normal
EMP00933,Management,5,92.6,91199.73,35253.65,22312.29,3.6,5182.24,11538.26,3737.29,141750.35,0,Normal
EMP01010,HR,9,52.7,41264.51,16367.93,5725.25,0.7,5117.83,11857.55,2229.52,54659.25,0,Normal
EMP00812,Operations,23,86.0,20000.0,9249.9,2499.51,11.8,0.0,4467.54,903.04,28591.33,0,Normal
EMP00839,Finance,19,45.6,48206.26,15503.56,11439.03,21.7,3564.59,6251.25,2423.55,79845.6,0,Normal
EMP00843,Engineering,24,79.2,45490.96,14430.03,9029.25,3.9,,7963.11,1314.6,63804.52,0,Normal
EMP01229,Management,14,65.4,96023.57,37016.44,12554.78,1.0,0.0,21441.67,4552.83,120500.51,0,Normal
EMP00328,Finance,17,45.0,30631.1,10625.47,,13.0,5421.17,6871.35,2108.62,48764.35,0,Normal
EMP00255,Engineering,12,58.0,47277.78,20544.7,6983.21,1.0,5499.51,11782.4,3031.68,65934.35,0,Normal
EMP00758,HR,4,99.3,33654.07,16155.73,7202.15,16.9,0.0,3701.43,1787.36,56855.23,0,Normal
EMP01058,Sales,26,58.8,41404.81,18455.42,8165.22,4.3,0.0,12251.02,2542.23,54901.33,0,Normal
EMP00472,Management,7,42.8,64765.58,20966.48,12022.31,7.7,0.0,8785.23,2852.0,90792.41,0,Normal
EMP00323,Finance,15,,68996.6,21612.02,16609.36,6.3,0.0,10810.36,4206.41,96276.32,0,Normal
EMP01365,Operations,3,41.5,42374.41,13732.39,7914.89,6.0,0.0,9448.94,1712.5,55243.81,0,Normal
EMP01227,Sales,15,95.7,39926.39,16006.14,6021.3,10.3,0.0,5087.1,3003.4,57718.72,0,Normal
EMP01361,Management,8,85.7,83153.81,40163.31,9829.26,0.8,0.0,13894.61,6604.74,113270.68,0,Normal
EMP01467,Management,2,76.1,105260.66,45168.07,19022.1,1.8,0.0,29102.39,6447.86,135676.85,0,Normal
EMP01526,Management,4,77.5,0.0,12356.16,8980.53,0.0,,0.0,0.0,53214.08,1,ghost_employee
EMP00635,Engineering,6,69.3,57558.36,23852.14,10234.58,0.3,0.0,9305.52,4515.97,77985.47,0,Normal
EMP00178,Sales,1,63.1,39277.77,14475.0,7855.67,2.5,0.0,9524.03,1298.67,51706.31,0,Normal
EMP01186,Management,8,42.0,99748.75,30326.37,24193.25,4.2,0.0,16554.62,5216.38,136424.98,0,Normal
EMP01321,Engineering,8,,47729.67,15648.21,10414.87,11.0,0.0,11482.33,2596.18,64636.36,0,Normal
EMP01497,Finance,12,42.7,37988.73,11921.14,5167.86,0.1,0.0,8609.06,1456.8,45047.48,0,Normal
EMP00087,Operations,17,97.4,35272.67,15361.47,5653.55,4.5,0.0,5103.34,738.08,51934.34,0,Normal
EMP01102,Management,3,62.0,87277.31,28954.02,9872.16,8.4,0.0,10473.83,6162.34,116340.41,0,Normal
EMP01568,Sales,18,71.0,0.0,18576.26,8319.46,0.0,46362.9,0.0,0.0,73258.62,1,ghost_employee
EMP01590,Management,2,63.6,884002.59,353601.04,132600.39,15.3,132600.39,176800.52,44200.13,1408602.88,1,salary_spike
EMP00366,Sales,1,41.0,51798.74,25568.65,8438.02,2.0,0.0,11496.15,2052.89,73227.6,0,Normal
EMP01671,Finance,10,76.1,60495.07,24198.03,9074.26,15.1,6049.51,-2449.94,-592.64,111423.28,1,negative_deduction
EMP00979,HR,6,89.2,29326.25,12246.64,6775.25,5.7,5447.69,8692.54,1581.47,45088.94,0,Normal
EMP00266,Operations,10,70.2,20000.0,6608.19,3544.23,1.2,0.0,3152.6,434.63,26790.19,0,Normal
EMP00288,HR,23,99.4,42104.55,14068.88,9012.9,1.6,0.0,7710.7,1991.68,56115.52,0,Normal
EMP01663,HR,26,75.7,35980.47,14392.19,5397.07,8.5,156130.46,7196.09,1799.02,205772.27,1,bonus_abuse
EMP00359,Management,13,93.4,61564.64,23056.07,9850.19,7.3,4355.16,11247.82,3810.48,87981.09,0,Normal
EMP00055,Finance,3,99.5,46755.55,21174.22,11352.69,35.6,0.0,11378.41,3678.44,79830.28,0,Normal
EMP01366,Engineering,28,61.8,60792.25,19059.65,14389.6,1.2,10812.19,17960.31,2376.24,85401.05,0,Normal
EMP01261,Sales,24,88.6,51425.86,18838.49,9074.55,17.6,0.0,7912.97,2562.79,77348.41,0,Normal
EMP00995,Sales,29,94.2,30658.52,9562.93,5160.11,9.8,0.0,8649.46,1086.68,38462.17,0,Normal
EMP01530,Finance,23,63.0,426534.19,170613.68,63980.13,24.4,63980.13,85306.84,21326.71,716044.28,1,salary_spike
EMP01636,Sales,20,40.4,278836.14,111534.46,41825.42,10.8,41825.42,55767.23,13941.81,432544.56,1,salary_spike
EMP00527,Sales,9,96.3,37818.44,16469.46,8705.69,21.3,0.0,8717.35,1136.14,60691.97,0,Normal
EMP01377,Sales,27,74.3,50782.35,15596.18,9223.03,10.7,0.0,13768.14,3016.95,63910.57,0,Normal
EMP00222,Finance,13,86.8,44632.97,20195.95,4878.03,0.4,0.0,9462.23,2941.48,57470.61,0,Normal
EMP00114,Operations,14,80.3,32468.73,12350.37,3438.11,1.1,0.0,6943.99,821.42,40826.63,0,Normal
EMP00989,Engineering,28,85.6,53760.94,21946.44,8656.38,1.5,0.0,11434.64,1140.83,72544.3,0,Normal
EMP00533,Management,19,60.9,95683.35,39044.48,15230.1,3.1,0.0,15745.93,7007.61,129985.19,0,Normal
EMP01522,Sales,9,58.6,349848.31,139939.32,52477.25,28.6,52477.25,69969.66,17492.42,601083.13,1,salary_spike
EMP00722,Engineering,23,49.1,74386.99,31331.76,12672.1,7.7,0.0,8101.59,5811.97,109847.1,0,Normal
EMP00175,Finance,8,65.2,51635.34,17664.52,11067.1,1.7,0.0,11095.7,1276.48,68817.72,0,Normal
EMP01310,Operations,25,98.5,33325.49,15905.46,5966.97,6.9,5524.39,7872.4,1783.28,53222.37,0,Normal
EMP01311,Engineering,4,53.3,67875.74,21003.42,12505.37,11.1,12302.83,7303.4,2877.64,110569.64,0,Normal
EMP00019,Sales,1,58.4,33102.68,10153.76,3855.78,4.9,,6710.92,1567.95,44664.99,0,Normal
EMP00424,HR,16,43.4,38431.76,19066.52,7996.44,6.4,0.0,9278.35,1596.99,56925.29,0,Normal
EMP01125,Finance,3,51.5,44891.55,15812.26,4578.59,0.9,3904.29,5390.94,3203.72,60970.8,0,Normal
EMP00286,Engineering,29,55.5,47183.72,17909.67,6146.59,16.0,0.0,10470.12,1452.82,66394.6,0,Normal
EMP01332,Operations,20,82.2,29482.18,11838.61,6672.67,9.4,0.0,3901.18,1105.68,45584.72,0,Normal
EMP00429,Sales,10,76.6,34551.69,10589.7,7469.14,5.0,0.0,3747.72,1548.56,48933.86,0,Normal
EMP01269,Finance,12,55.9,62367.89,20422.99,,8.8,0.0,7659.4,3722.52,82959.76,0,Normal
EMP00911,Finance,10,52.6,60619.37,23053.08,11760.95,2.9,0.0,7606.77,3174.66,86300.06,0,Normal
EMP00032,Engineering,8,74.8,38991.69,18286.1,5641.96,3.2,0.0,5583.13,1145.41,57360.96,0,Normal
EMP00679,Management,22,69.3,79401.86,30350.42,15396.67,21.6,0.0,15096.25,3617.55,122514.03,0,Normal
EMP01348,Sales,11,42.1,53202.12,23963.45,8118.99,4.7,0.0,15782.05,1453.65,70393.08,0,Normal
EMP00215,Operations,19,44.2,46769.36,18550.42,,17.1,4262.53,13994.75,3185.71,65101.92,0,Normal
EMP01385,Finance,23,44.2,76693.88,28242.44,13005.09,1.4,8740.54,17913.55,1896.4,107878.61,0,Normal
EMP00327,Finance,20,89.9,34397.98,15652.76,7388.6,9.0,3749.48,4862.13,1750.75,57478.27,0,Normal
EMP01157,Engineering,24,79.7,65067.29,31110.73,14862.87,6.6,0.0,17632.15,1805.68,95629.1,0,Normal
EMP01508,Sales,5,79.0,354381.1,141752.44,53157.16,22.9,53157.16,70876.22,17719.06,589933.77,1,salary_spike
EMP00991,Operations,16,87.3,33593.16,11559.32,4084.3,33.6,5641.21,6933.44,743.52,57782.88,0,Normal
EMP00342,HR,14,63.0,34141.7,12137.13,5639.51,6.3,4016.28,4973.29,2316.02,50661.8,0,Normal
EMP00148,HR,7,53.8,37936.17,17579.42,7408.88,12.8,5869.95,5718.27,1934.0,65694.49,0,Normal
EMP00361,Sales,18,84.6,52989.3,16551.83,9935.29,3.3,0.0,12745.27,3639.69,64730.82,0,Normal
EMP00084,Engineering,13,68.8,42822.92,13303.78,,6.4,4188.28,12844.08,1648.84,58101.79,0,Normal
EMP00049,HR,25,65.6,28181.76,12871.95,3520.87,1.8,3386.61,7660.06,805.07,39971.63,0,Normal
EMP00469,Engineering,23,69.6,55814.27,21869.41,13673.59,18.8,0.0,7419.62,2122.92,91651.99,0,Normal
EMP00156,Engineering,1,90.1,39257.97,15460.63,6489.71,1.9,0.0,4255.61,2768.97,54883.01,0,Normal
EMP01007,Finance,19,47.2,41080.57,12744.43,7978.03,0.8,0.0,6835.04,864.91,54411.18,0,Normal
EMP01177,Operations,18,42.1,39005.33,13370.98,6401.99,7.2,0.0,10487.8,903.38,50019.98,0,Normal
EMP01011,Engineering,25,65.9,66848.01,25172.08,15378.5,6.0,5131.24,17422.25,4944.1,93923.68,0,Normal
EMP01371,Management,29,81.3,88525.38,35629.57,17406.92,19.7,14732.64,22517.49,6601.47,143525.08,0,Normal
EMP00501,Finance,18,62.7,64488.27,24675.44,12362.48,4.0,0.0,11861.61,2605.75,89477.14,0,Normal
EMP00180,Engineering,4,86.5,57044.99,18881.04,10859.68,0.7,3770.91,13839.44,1486.21,75605.33,0,Normal
EMP00782,HR,26,84.2,35258.46,13412.51,7414.3,2.0,4509.28,6367.49,1997.21,52890.95,0,Normal
EMP01118,Operations,21,76.5,25809.65,10686.68,2753.59,5.5,0.0,3134.1,661.33,36785.3,0,Normal
EMP01228,Sales,7,54.3,33681.9,12207.6,6216.35,18.0,0.0,9087.85,2450.4,46251.42,0,Normal
EMP00529,Engineering,15,97.6,58399.45,26063.64,12129.69,5.4,0.0,15042.12,2482.12,82025.01,0,Normal
EMP00347,Finance,24,41.2,57660.26,25442.55,8587.52,9.9,5112.35,13390.22,3443.09,85320.96,0,Normal
EMP01164,Operations,1,41.4,48395.94,16268.64,5573.99,2.4,0.0,7833.07,1209.56,62284.85,0,Normal
EMP01644,HR,2,82.9,43434.06,17373.62,6515.11,273.3,4343.41,8686.81,2171.7,172093.9,1,impossible_overtime
EMP00586,Engineering,13,96.2,57860.43,27020.21,7858.18,5.1,8731.55,12982.51,4106.08,87148.23,0,Normal
EMP00814,Management,12,68.7,83505.25,30157.82,10553.69,5.6,13288.94,11995.85,4027.67,125866.21,0,Normal
EMP00847,Engineering,26,58.0,55014.47,22493.71,9238.72,2.5,0.0,13088.65,1726.67,73220.98,0,Normal
EMP00786,Management,16,,73347.01,22004.55,14763.63,0.9,0.0,15849.09,1665.99,93218.98,0,Normal
EMP00244,Sales,27,62.0,48470.58,23943.75,11872.44,2.9,0.0,11204.24,3558.97,70841.35,0,Normal
EMP01237,Operations,14,59.6,27625.12,13311.18,4085.31,6.9,4121.55,8174.0,1335.61,41420.55,0,Normal
EMP00313,Engineering,1,73.9,53391.79,24575.66,9650.81,6.5,6733.19,12196.06,3455.95,81953.0,0,Normal
EMP00436,Operations,3,56.0,26922.15,13128.94,2734.67,0.9,2153.81,3756.56,632.21,40777.96,0,Normal
EMP01589,Engineering,7,63.2,48473.08,19389.23,7270.96,376.0,4847.31,9694.62,2423.65,238729.92,1,impossible_overtime
EMP01359,Sales,12,85.5,39931.8,13733.62,4626.93,18.7,0.0,10260.67,3068.11,51964.11,0,Normal
EMP00309,Operations,14,45.0,25432.94,10724.15,4244.09,1.1,0.0,7326.73,1022.8,32313.93,0,Normal
EMP00431,Engineering,4,56.4,42134.33,17125.85,7169.5,26.1,0.0,8073.5,2925.3,65740.62,0,Normal
EMP00371,Engineering,2,81.5,56690.63,24512.05,11551.17,23.0,0.0,11668.1,1926.52,91383.15,0,Normal
EMP00567,Sales,21,89.9,37176.33,15783.24,7492.18,4.5,3127.17,10999.88,1934.03,52213.39,0,Normal
EMP00706,Management,24,77.4,50075.14,21797.55,5497.83,4.5,0.0,9450.64,3592.53,66439.9,0,Normal
EMP00182,Engineering,19,41.4,55036.55,21844.43,9867.97,5.6,3027.87,9757.05,3345.8,79563.39,0,Normal
EMP01259,Engineering,24,59.2,59688.35,29187.89,13151.79,5.8,0.0,9878.99,2819.44,92575.15,0,Normal
EMP00592,Finance,26,81.8,57456.63,22059.06,9114.78,9.0,0.0,9275.22,4228.14,79975.01,0,Normal
EMP01646,Sales,25,49.2,262394.05,104957.62,39359.11,17.1,39359.11,52478.81,13119.7,422536.43,1,salary_spike
EMP01540,Engineering,21,62.8,38767.59,15507.04,5815.14,24.2,3876.76,7753.52,1938.38,220745.1,1,net_salary_inconsistency
EMP00297,Operations,25,74.8,41026.73,12720.28,6109.93,3.4,0.0,10952.48,2467.1,47745.09,0,Normal
EMP00652,HR,27,63.7,39027.55,18699.58,8397.35,0.7,0.0,5003.8,2045.2,59331.6,0,Normal
EMP00462,Finance,11,54.8,34178.94,13549.44,4210.1,1.9,0.0,4201.55,731.78,47613.96,0,Normal
EMP01097,Engineering,11,67.5,65642.65,32775.72,10566.46,19.6,0.0,10630.94,2735.04,107680.69,0,Normal
EMP00866,Finance,15,71.6,52022.34,21396.42,7965.12,4.7,0.0,7375.07,2389.95,73911.09,0,Normal
EMP00378,Engineering,20,76.9,48607.59,15122.85,11495.19,15.8,0.0,9000.85,1516.26,71908.52,0,Normal
EMP01048,Engineering,18,95.1,59267.36,25388.0,9651.01,13.9,5529.64,16827.23,1686.08,89045.98,0,Normal
EMP00127,Operations,11,40.1,20310.36,9671.68,3071.86,4.2,2077.17,5480.62,815.56,29634.61,0,Normal
EMP00906,Operations,9,60.5,30337.93,14893.29,6315.09,26.6,3484.31,3703.38,1201.66,57691.1,0,Normal
EMP01256,Sales,6,96.9,44443.46,20129.78,5201.97,6.7,0.0,8478.51,1684.04,62404.26,0,Normal
EMP00356,Finance,20,92.2,48660.78,22720.42,8328.11,0.6,5807.63,8772.99,1220.44,75797.23,0,Normal
EMP01360,Finance,13,90.5,40634.53,12192.2,7892.48,1.2,0.0,8009.03,3138.99,50028.33,0,Normal
EMP00210,Engineering,8,82.9,44382.37,16612.03,7886.82,9.8,4464.23,9152.62,1806.07,66464.39,0,Normal
EMP00141,Management,5,66.1,67974.37,33625.33,14717.8,11.8,0.0,15518.42,4073.32,104245.42,0,Normal
EMP01205,HR,28,44.3,33595.16,13438.45,8143.2,3.7,0.0,6475.67,964.65,48901.82,0,Normal
EMP01122,Management,15,82.8,67803.84,25152.94,16262.07,26.0,0.0,9156.56,4133.78,112455.7,0,Normal
EMP00830,HR,13,72.1,41023.46,13838.36,6006.63,6.2,0.0,6849.74,2912.61,53490.59,0,Normal
EMP01325,Management,21,98.1,70107.97,26208.27,14345.12,0.6,0.0,15329.4,3465.35,92260.97,0,Normal
EMP01126,Finance,5,44.1,55082.67,24180.78,9986.61,4.1,2828.54,7222.33,1654.98,85318.53,0,Normal
EMP00728,Operations,16,53.0,38392.49,18649.99,9440.15,1.1,0.0,6099.2,1012.73,59766.62,0,Normal
EMP01331,Finance,1,70.3,49847.78,19994.15,6805.04,4.3,0.0,13017.1,3828.91,61810.45,0,Normal
EMP00629,Engineering,9,93.6,58830.09,23444.21,10069.67,21.1,4041.16,12307.55,2530.31,93184.6,0,Normal
EMP00618,Sales,27,49.7,41666.67,14383.99,8710.53,14.4,0.0,8973.01,3135.55,58277.63,0,Normal
EMP00011,Engineering,13,70.4,64107.14,28987.34,12189.45,10.8,0.0,12176.84,1528.02,98069.92,0,Normal
EMP01314,Operations,8,71.3,23951.64,10209.99,3540.59,0.4,2222.51,2901.88,932.06,36180.61,0,Normal
EMP00283,Sales,6,52.3,43629.19,18297.3,8443.37,9.3,6041.56,11888.12,2687.72,65639.5,0,Normal
EMP00292,Engineering,28,87.6,75426.58,30330.25,16101.14,3.1,0.0,10252.49,1544.03,112253.53,0,Normal
EMP00681,Operations,7,79.4,33971.7,12435.58,3969.92,10.5,0.0,6856.93,1040.36,45824.0,0,Normal
EMP00620,Operations,19,50.3,29460.63,14320.21,7309.34,2.9,0.0,5319.01,2194.46,44377.67,0,Normal
EMP00130,HR,16,63.6,22929.77,7847.63,5379.54,1.1,2743.34,3941.37,1823.61,33371.76,0,Normal
EMP00324,Sales,4,51.6,38403.27,11668.11,5427.73,0.6,0.0,8756.64,1752.43,45206.06,0,Normal
EMP00842,Finance,13,57.1,48410.29,19764.71,5592.42,4.2,0.0,14491.46,3409.06,57773.06,0,Normal
EMP00608,Sales,15,53.7,40417.03,17859.79,8294.98,4.3,2387.25,7542.43,1592.08,61453.85,0,Normal
EMP00695,Engineering,13,,67006.99,24043.01,10127.72,23.0,5945.11,12249.8,4542.6,104778.81,0,Normal
EMP00889,Engineering,7,73.1,51065.26,16973.31,12078.44,3.1,0.0,9184.59,1669.23,70747.27,0,Normal
EMP00630,Sales,12,53.6,54064.05,20999.64,8113.2,6.9,0.0,11321.32,4131.25,71221.59,0,Normal
EMP01569,Engineering,12,92.5,69677.26,27870.9,10451.59,17.5,433787.4,13935.45,3483.86,535799.27,1,bonus_abuse
EMP00894,Sales,8,46.7,39266.47,14926.79,5754.72,4.7,0.0,7925.9,1224.52,52527.74,0,Normal
EMP00159,Engineering,8,51.8,47685.85,15903.15,11421.94,0.6,2918.94,9158.8,999.98,68039.33,0,Normal
EMP00712,Finance,20,84.0,47635.87,16919.52,11783.8,8.1,5541.15,13504.06,2820.69,69172.94,0,Normal
EMP00517,Sales,24,72.1,52954.43,26033.65,7367.41,3.1,0.0,11703.69,2816.04,73374.75,0,Normal
EMP01198,Management,21,91.3,82580.99,25587.24,15353.12,10.2,0.0,18940.87,4407.09,108070.2,0,Normal
EMP00598,Engineering,3,81.9,66434.49,27679.96,9801.45,8.2,0.0,11112.75,2123.76,95786.54,0,Normal
EMP00196,Sales,19,81.1,20000.0,9289.52,4767.94,3.1,1216.82,2355.9,698.45,32801.18,0,Normal
EMP01482,Engineering,14,74.5,52383.45,17194.33,12938.75,5.4,0.0,13514.39,2481.63,69172.42,0,Normal
EMP01386,Sales,24,73.4,45896.64,17846.3,5787.41,9.3,0.0,11736.26,1680.46,60115.24,0,Normal
EMP00411,Sales,12,93.0,49148.38,22814.49,6140.0,10.7,0.0,7683.4,1508.68,73840.99,0,Normal
EMP00097,HR,16,61.8,49708.01,21234.67,7147.35,23.8,7970.5,9796.18,3947.14,83408.31,0,Normal
EMP00723,Engineering,16,64.0,40187.81,18883.82,9616.27,3.0,0.0,10323.78,2479.51,57014.89,0,Normal
EMP01474,Sales,11,66.4,44801.78,15895.56,6404.05,16.3,0.0,5825.61,2878.49,65243.56,0,Normal
EMP00157,Finance,21,83.8,38283.75,13541.44,9301.73,12.6,0.0,10772.07,2254.53,52622.59,0,Normal
EMP00420,Operations,28,53.0,28517.98,9151.16,5887.56,16.6,0.0,3990.97,1937.53,42066.31,0,Normal
EMP01221,Management,9,64.5,62652.34,23727.13,13403.09,4.3,0.0,14127.34,4802.33,83378.56,0,Normal
EMP00478,Finance,13,85.0,54659.59,20855.35,6789.66,0.7,0.0,14994.4,1583.94,66084.96,0,Normal
EMP01084,Operations,2,42.0,22486.07,10032.7,5032.74,1.0,,5494.93,703.9,31563.49,0,Normal
EMP01661,HR,22,57.9,37767.56,15107.02,5665.13,8.0,18883.78,1888.38,755.35,77612.33,1,duplicate_manipulation
EMP01645,Operations,15,50.8,38121.54,15248.62,5718.23,1.4,3812.15,-2421.3,-135.61,65957.8,1,negative_deduction
EMP01095,Engineering,15,97.6,39971.28,15210.99,6397.54,5.2,5026.73,11734.07,3139.05,53682.02,0,Normal
EMP00448,Operations,22,82.7,47997.43,20293.03,11726.19,12.7,0.0,13934.42,1119.75,70677.17,0,Normal
EMP00766,Finance,2,50.2,39886.77,13704.23,7473.39,4.9,3384.41,11254.07,1234.44,53792.59,0,Normal
EMP00179,Management,10,84.3,73012.82,34530.08,14128.49,5.5,0.0,12680.49,2584.98,110170.64,0,Normal
EMP00391,Management,19,46.0,78197.23,26346.72,8626.18,14.5,6756.81,8208.77,3315.48,119032.63,0,Normal
EMP00579,HR,7,85.1,44652.15,14290.88,4951.92,6.7,4170.64,8789.45,1603.93,60476.92,0,Normal
EMP01658,Operations,3,44.6,277265.28,110906.11,41589.79,18.1,41589.79,55453.06,13863.26,449083.1,1,salary_spike
EMP01189,Sales,21,,48241.31,18896.3,10961.9,8.0,0.0,12055.76,3288.89,66372.96,0,Normal
EMP01384,Sales,15,86.7,39223.65,18061.72,4429.15,8.7,2051.59,11532.36,1285.56,54147.37,0,Normal
EMP00694,Engineering,26,68.0,66029.85,32908.79,12933.01,19.3,0.0,17809.41,2412.98,103596.54,0,Normal
EMP00768,Operations,24,62.1,32711.97,13959.58,4194.81,1.4,0.0,9059.14,1462.8,40773.76,0,Normal
EMP00711,Operations,12,55.0,26154.36,10090.68,5166.22,6.8,0.0,6000.65,1805.12,35272.83,0,Normal
EMP00899,Engineering,18,79.6,58150.74,25117.52,13445.12,13.1,10087.01,10836.0,3190.8,99915.23,0,Normal
EMP00143,HR,14,85.6,36775.28,17265.17,4680.49,15.4,,8649.96,1180.0,54200.41,0,Normal
EMP01275,HR,6,83.1,39577.16,19359.16,6726.38,4.8,0.0,8717.8,2009.1,56716.77,0,Normal
EMP00983,Engineering,21,75.2,57080.1,26552.89,8447.99,9.8,0.0,9295.4,2616.72,85413.09,0,Normal
EMP01000,Sales,19,57.1,47019.22,20373.63,7824.19,3.7,0.0,5926.25,2692.7,68229.07,0,Normal
EMP00637,HR,3,96.2,35766.62,16167.66,4825.95,14.2,2733.4,8413.98,2748.99,53092.09,0,Normal
EMP00811,Management,10,90.7,90684.02,37773.78,16955.09,38.3,14908.26,14683.0,5935.17,172264.21,0,Normal
EMP00616,Management,18,99.6,56239.59,25933.75,8103.42,6.2,7901.6,10000.78,2850.74,88595.77,0,Normal
EMP00295,Engineering,3,91.3,61786.12,24836.21,11893.41,6.8,0.0,9295.04,2222.68,90936.88,0,Normal
EMP00670,Sales,22,90.6,42169.65,20987.17,4876.79,14.5,4289.41,11397.94,2548.59,64108.93,0,Normal
EMP01593,Sales,12,99.3,56316.72,22526.69,8447.51,15.3,298201.38,11263.34,2815.84,379491.05,1,bonus_abuse
EMP00089,Operations,9,74.8,36870.29,18005.18,6177.71,19.0,0.0,10138.84,1402.24,56079.62,0,Normal
EMP00042,HR,20,43.7,34994.16,17480.48,4579.66,3.0,0.0,6400.58,1156.05,50481.88,0,Normal
EMP01621,Sales,28,90.9,37416.34,14966.54,5612.45,296.7,3741.63,7483.27,1870.82,156458.76,1,impossible_overtime
EMP00132,Engineering,18,70.5,84915.99,40523.5,12667.46,0.2,0.0,20357.03,4460.28,113448.86,0,Normal
EMP00724,Operations,11,69.0,30260.29,9350.41,5935.95,0.7,0.0,7133.64,1333.86,37277.73,0,Normal
EMP00713,HR,6,57.1,35843.76,16262.9,8486.83,6.5,2097.79,8457.96,2522.05,53895.5,0,Normal
EMP01341,Sales,23,72.9,47135.52,21541.53,6541.64,6.5,0.0,13181.2,2526.01,62383.8,0,Normal
EMP01553,Finance,11,85.9,61404.97,24561.99,9210.75,16.7,336357.16,12280.99,3070.25,425797.35,1,bonus_abuse
EMP00988,Sales,7,40.2,34543.53,16981.22,7930.1,6.3,0.0,8688.79,2026.13,50780.16,0,Normal
EMP00165,Engineering,21,90.5,55773.69,19837.24,8110.4,6.5,0.0,8621.69,1757.61,76740.74,0,Normal
EMP00291,Engineering,3,67.2,58706.0,21608.64,7491.28,2.3,0.0,16943.12,3766.52,68362.13,0,Normal
EMP01587,Operations,14,80.7,33513.17,13405.27,5026.98,24.2,3351.32,6702.63,1675.66,5452.18,1,net_salary_inconsistency
EMP01055,Management,5,42.3,71539.24,22870.01,8328.77,1.7,0.0,18929.69,5437.58,79510.91,0,Normal
EMP00349,Sales,7,78.5,42795.66,21313.17,6807.22,15.6,0.0,11440.08,1169.4,64565.44,0,Normal
EMP00572,Operations,20,51.0,32205.47,10693.67,7286.27,11.6,4881.35,9213.49,753.51,48602.1,0,Normal
EMP01594,Engineering,3,56.4,241858.56,96743.42,36278.78,19.6,36278.78,48371.71,12092.93,395136.41,1,salary_spike
EMP01633,HR,23,68.5,341316.45,136526.58,51197.47,15.0,51197.47,68263.29,17065.82,542906.49,1,salary_spike
EMP01456,Management,28,98.5,92030.13,32927.8,16236.54,3.8,0.0,27044.89,3205.45,114222.7,0,Normal
EMP01339,Engineering,23,65.1,64484.46,24699.43,7323.04,0.4,0.0,7329.97,3126.44,86292.34,0,Normal
EMP01107,Sales,28,56.6,25992.71,8880.75,,16.4,4441.87,4611.91,910.59,43527.57,0,Normal
EMP01190,Operations,22,85.0,31863.9,13157.18,5542.64,4.8,0.0,6435.7,1401.32,44160.58,0,Normal
EMP00459,Engineering,6,52.7,49883.71,17050.84,5399.66,1.9,6190.47,14418.27,3790.94,61204.02,0,Normal
EMP00376,Sales,17,96.0,27647.67,12814.19,4509.63,1.0,0.0,7598.97,1519.61,36112.11,0,Normal
EMP00334,Engineering,5,69.3,57214.62,20202.44,8148.21,2.8,9804.02,16490.86,1614.48,78765.83,0,Normal
EMP00947,Engineering,7,65.8,44192.55,14356.8,9860.57,2.9,0.0,6133.29,1378.52,62099.59,0,Normal
EMP01477,Operations,1,79.2,36525.08,13531.28,7219.03,0.6,,6145.0,1342.06,49993.78,0,Normal
EMP01222,Engineering,13,55.8,43514.19,14191.87,5695.93,10.5,0.0,9278.84,1313.38,57093.2,0,Normal
EMP00880,Engineering,18,50.0,33771.09,16444.7,6881.42,0.4,0.0,4489.22,2041.6,50693.03,0,Normal
EMP00820,Sales,8,67.9,45663.47,19474.52,9764.97,20.4,0.0,8802.69,3239.74,71593.67,0,Normal
EMP01555,Management,18,99.9,835405.03,334162.01,,18.4,125310.75,167081.01,41770.25,1355444.65,1,salary_spike
EMP00702,Engineering,3,61.9,64729.7,32094.95,13515.49,5.5,0.0,12887.15,3471.35,97319.27,0,Normal
EMP00329,Sales,23,86.4,28269.09,10431.77,3695.35,6.6,0.0,3551.9,1790.26,38803.2,0,Normal
EMP00927,Sales,13,90.6,37426.74,15463.61,9162.71,0.9,3648.71,11168.12,1981.99,52867.45,0,Normal
EMP00319,Engineering,22,68.1,44350.09,19313.52,9433.86,9.5,5902.61,10389.48,2274.11,70286.42,0,Normal
EMP01287,Engineering,8,92.2,58530.69,23125.19,6294.88,0.6,10340.26,7468.84,1175.59,89975.83,0,Normal
EMP01139,HR,16,47.7,42553.15,16989.25,5258.74,6.5,0.0,8754.76,1160.04,57479.42,0,Normal
EMP01458,Finance,29,73.9,50901.95,19274.74,7834.5,10.4,0.0,11069.82,2230.99,69673.32,0,Normal
EMP00168,Engineering,24,47.4,53270.95,19170.97,10126.14,0.1,9413.32,13086.71,2067.14,76877.47,0,Normal
EMP00013,Operations,22,68.3,35833.61,11383.51,5531.82,27.5,0.0,4301.69,1850.37,55835.23,0,Normal
EMP00172,Engineering,20,80.5,69625.14,25835.38,17091.08,17.5,0.0,10508.2,4405.05,109061.22,0,Normal
EMP00650,HR,3,83.2,44265.27,15579.85,9578.19,16.1,2306.75,9983.59,2581.74,65846.02,0,Normal
EMP00261,Finance,10,82.9,55921.26,16783.68,10175.49,13.2,7790.02,14936.96,2322.17,80331.58,0,Normal
EMP01600,Sales,11,44.3,53392.27,21356.91,8008.84,17.7,5339.23,-3946.21,-277.25,101180.49,1,negative_deduction
EMP01182,Sales,28,50.1,45788.76,19683.48,8055.2,2.3,0.0,13583.16,2434.88,58496.72,0,Normal
EMP00673,Engineering,19,67.1,66437.64,28693.39,11907.51,6.2,0.0,14537.95,3857.79,92504.49,0,Normal
EMP00259,Finance,13,59.9,66813.15,23380.18,15829.38,13.6,7213.58,6923.95,2578.08,112252.94,0,Normal
EMP01588,Engineering,17,93.8,47249.91,18899.96,,0.5,4724.99,9449.98,2362.5,232299.73,1,net_salary_inconsistency
EMP00139,Sales,1,65.7,44406.53,21291.74,10233.37,0.7,0.0,4905.58,1889.3,69428.18,0,Normal
EMP00550,Operations,16,49.4,27203.77,10311.07,,1.5,5189.67,4381.88,1359.9,41641.93,0,Normal
EMP00760,Operations,19,51.6,31223.28,13590.62,7073.92,5.3,0.0,3567.99,666.33,49204.91,0,Normal
EMP01284,Engineering,15,50.7,63276.49,21119.9,15308.36,7.2,0.0,9512.54,3854.03,90609.34,0,Normal
EMP01357,Management,27,71.5,81546.07,27794.85,10483.34,0.0,0.0,11348.59,2715.47,105760.2,0,Normal
EMP01051,Operations,4,86.8,24996.74,9575.97,6191.35,2.9,0.0,6869.39,616.42,33957.85,0,Normal
EMP00559,Operations,19,85.5,40675.61,20259.16,6780.91,7.6,5279.15,10830.48,1859.44,63203.05,0,Normal
EMP00140,Management,13,82.1,85790.56,36420.33,9713.22,13.2,0.0,24856.2,6773.08,110911.41,0,Normal
EMP01679,Finance,22,46.9,71108.08,28443.23,10666.21,356.2,7110.81,14221.62,3555.4,337007.85,1,impossible_overtime
EMP00532,Management,10,48.9,71451.73,33338.37,12052.84,0.0,0.0,16976.7,5175.96,94690.28,0,Normal
EMP00225,Sales,28,70.8,48678.86,23866.71,5134.12,4.8,0.0,14144.17,3548.1,62177.97,0,Normal
EMP01171,Finance,15,44.6,46766.36,18019.08,9682.93,12.4,4657.69,6905.17,1987.16,75670.32,0,Normal
EMP00410,Engineering,8,92.0,48651.37,23659.69,6525.23,2.7,0.0,7784.52,2197.26,70086.0,0,Normal
EMP00326,Operations,6,56.3,42460.73,17194.35,8709.6,2.0,0.0,5549.25,2719.35,60892.22,0,Normal
EMP01005,Operations,5,69.8,47644.33,16220.93,6270.68,9.0,0.0,14168.6,3390.55,56596.78,0,Normal
EMP00300,Engineering,26,85.5,63078.18,24451.35,15624.35,11.3,0.0,13044.02,2573.25,94218.95,0,Normal
EMP01115,Finance,5,54.1,38040.29,12640.47,7485.28,3.4,0.0,4883.07,2346.34,52149.16,0,Normal
EMP00918,Management,21,56.2,101669.92,31691.84,11805.67,7.8,0.0,24972.26,3468.93,124160.85,0,Normal
EMP00835,HR,2,70.9,40460.14,19015.94,5835.27,3.7,0.0,5113.59,820.85,60780.37,0,Normal
EMP01556,Management,2,60.5,107253.27,42901.31,16087.99,0.6,10725.33,-2277.9,-937.43,180786.53,1,negative_deduction
EMP00715,Sales,10,58.6,53792.78,23586.57,5701.61,3.3,7437.66,6551.66,1956.73,83674.44,0,Normal
EMP00194,Finance,18,96.8,58350.71,22868.62,8872.25,24.8,0.0,14210.1,3218.68,86229.34,0,Normal
EMP00441,Engineering,21,46.6,52805.24,20395.85,9058.61,10.8,8492.18,15358.49,1807.24,78932.68,0,Normal
EMP00574,Finance,11,54.0,46665.02,17902.05,10572.98,3.0,0.0,12000.38,1732.11,62720.01,0,Normal
EMP00504,Operations,5,52.1,30137.42,9463.8,3784.34,25.4,2296.1,8569.44,1805.6,42483.09,0,Normal
EMP00606,HR,13,99.4,32097.27,13122.64,4715.9,7.4,6304.29,4593.0,2425.68,51448.17,0,Normal
EMP00953,Engineering,22,89.2,55491.03,21146.78,13279.81,4.7,0.0,13946.26,4065.01,74351.42,0,Normal
EMP01498,HR,3,95.9,44231.73,16231.18,7540.21,7.9,5572.1,4867.38,3232.82,68750.93,0,Normal
EMP00004,Finance,27,52.2,31900.61,14002.08,7086.96,14.2,4376.92,5541.91,2247.5,53823.93,0,Normal
EMP00932,Operations,20,76.5,37403.79,12354.07,9224.36,5.3,0.0,7307.17,2380.17,51153.38,0,Normal
EMP00468,Operations,4,67.0,45248.13,17055.03,6582.83,20.1,0.0,11128.98,2038.49,64244.96,0,Normal
EMP00322,Operations,3,70.7,32017.33,12085.41,4947.02,3.5,0.0,7474.41,972.54,41653.38,0,Normal
EMP00006,Engineering,27,99.7,84277.03,35317.19,10099.79,3.3,6638.17,18914.58,3691.04,116333.88,0,Normal
EMP00223,Engineering,3,61.8,80887.7,26304.71,15087.27,1.7,8359.2,15374.97,6218.24,110334.82,0,Normal
EMP00548,Finance,10,68.4,70898.7,35142.43,7639.24,1.9,0.0,8490.39,1913.75,104539.11,0,Normal
EMP01248,Engineering,12,75.4,64956.79,20903.27,11804.19,4.0,0.0,17149.36,1819.67,81131.1,0,Normal
EMP00040,Sales,9,72.5,54277.26,25039.89,6744.18,17.6,0.0,9897.81,1319.08,83800.19,0,Normal
EMP00543,Engineering,2,74.7,62616.66,25961.39,9276.63,15.3,0.0,12598.26,4206.5,90031.5,0,Normal
EMP00243,Management,3,90.3,101342.67,49194.24,21787.6,22.1,0.0,16058.56,7294.04,169968.85,0,Normal
EMP00137,HR,2,71.1,44433.54,22192.22,10138.94,5.1,5933.06,9697.56,1386.7,73737.98,0,Normal
EMP01473,Operations,26,99.3,36578.34,11264.75,6185.65,3.9,5400.13,9460.84,1748.92,49556.51,0,Normal
EMP01323,Operations,18,87.5,50940.12,20826.94,6130.34,2.9,0.0,10292.58,1908.09,67081.66,0,Normal
EMP00745,Engineering,7,41.4,53712.37,22171.6,5991.37,10.2,0.0,15077.7,1792.96,70140.93,0,Normal
EMP00967,Operations,8,46.6,25553.5,9914.02,5683.32,22.8,0.0,6499.11,1292.84,38820.95,0,Normal
EMP00837,Management,4,,79522.62,25853.59,14686.96,5.8,7619.44,9647.99,4241.03,118117.63,0,Normal
EMP01191,Engineering,22,52.3,67719.24,29295.71,11565.46,1.7,0.0,17753.55,2121.97,89784.17,0,Normal
EMP00941,Sales,5,41.6,45387.69,17944.83,6868.69,14.3,0.0,11128.78,2381.12,62776.1,0,Normal
EMP01630,HR,20,58.3,0.0,11559.15,2526.14,0.0,47796.35,0.0,0.0,61881.64,1,ghost_employee
EMP00582,Management,3,64.4,76961.21,32361.41,14856.22,2.1,,14078.05,2536.3,109079.66,0,Normal
EMP01481,Operations,14,56.9,49474.45,24220.51,6978.37,14.3,0.0,6490.24,3064.4,77751.36,0,Normal
EMP01653,Engineering,28,49.8,428704.12,171481.65,64305.62,18.9,64305.62,85740.82,21435.21,697581.99,1,salary_spike
EMP00662,Management,6,75.9,81383.33,26959.32,,33.2,0.0,21783.68,2608.42,118413.71,0,Normal
EMP00984,Engineering,11,94.9,57927.44,24693.99,10189.82,22.6,7133.17,17071.52,2902.29,92243.99,0,Normal
EMP01554,HR,24,49.5,20000.0,8000.0,3000.0,12.6,132066.96,4000.0,1000.0,160429.46,1,bonus_abuse
EMP00377,Operations,15,53.5,39108.8,17654.09,6855.45,6.8,6952.89,5248.49,1927.16,65888.77,0,Normal
EMP01238,HR,27,93.3,30972.3,11585.08,7305.95,18.8,0.0,8035.7,1533.03,45753.47,0,Normal
EMP00315,Operations,10,52.2,28720.81,12928.79,4543.52,8.5,3625.91,7029.72,1830.36,43247.64,0,Normal
EMP00443,Sales,11,56.4,36186.32,11220.29,8435.53,3.2,0.0,8746.08,1768.74,46412.91,0,Normal
EMP00926,Engineering,26,65.7,40351.45,12745.25,8047.25,0.6,2061.27,4080.76,1083.63,58267.81,0,Normal
EMP00320,Sales,27,92.0,38062.88,15725.92,9180.77,0.1,4475.71,11344.2,2865.52,53271.24,0,Normal
EMP01008,Operations,10,64.5,24939.38,9465.96,5598.66,7.4,2985.68,5608.49,1425.35,37686.01,0,Normal
EMP00943,Finance,10,45.8,40433.71,18831.21,7862.44,12.5,7530.32,4287.53,3069.49,72038.98,0,Normal
EMP01253,Engineering,22,80.7,41529.46,14971.09,5804.04,28.4,0.0,10705.89,874.91,61781.01,0,Normal
EMP01263,Sales,15,69.1,39935.48,17138.11,4899.67,18.5,0.0,9347.01,2937.96,56614.6,0,Normal
EMP00425,Engineering,2,75.8,60145.8,20626.35,8557.17,14.0,0.0,13083.74,2259.28,81880.44,0,Normal
EMP00554,Finance,23,88.0,59321.64,27352.38,8786.13,4.2,6827.34,12223.19,2989.08,89411.01,0,Normal
EMP00595,Operations,11,99.9,39089.62,16213.98,8600.52,6.1,0.0,5767.27,790.01,59582.28,0,Normal
EMP01647,HR,27,66.0,34327.32,13730.93,5149.1,28.9,3432.73,6865.46,1716.37,-28679.4,1,net_salary_inconsistency
EMP00369,Engineering,21,54.4,49133.81,17164.0,8632.59,1.4,7956.64,6748.49,1745.15,75038.28,0,Normal
EMP01106,Engineering,6,69.6,69310.09,34537.67,9019.79,0.3,0.0,11377.45,3864.49,97820.54,0,Normal
EMP01305,Operations,10,94.3,41953.25,15631.64,4527.76,11.7,7817.28,7258.34,1251.99,66021.35,0,Normal
EMP01358,Sales,26,77.5,22026.3,8452.35,3414.26,11.0,4034.62,4340.3,731.17,35127.52,0,Normal
EMP00775,Operations,12,90.2,56154.75,20695.62,10440.04,23.3,,16691.22,4334.18,78531.31,0,Normal
EMP00228,Sales,15,95.3,56053.6,23310.61,6597.28,15.4,0.0,9330.79,2553.0,82170.44,0,Normal
EMP01197,Management,9,70.0,73353.01,34912.4,12747.96,1.0,0.0,15825.19,4112.51,101763.35,0,Normal
EMP01014,Engineering,13,75.3,56821.1,22793.18,9840.56,0.7,9462.36,15413.28,3741.29,80135.52,0,Normal
EMP01313,HR,13,43.7,32498.1,14163.73,4213.49,0.6,0.0,6400.68,1533.53,43123.91,0,Normal
EMP01114,HR,15,93.2,38239.07,15873.75,7126.57,4.7,3950.69,5927.36,2748.91,58198.72,0,Normal
EMP00067,Engineering,5,93.1,55525.74,25061.32,13561.2,17.1,0.0,7872.32,4064.03,91113.38,0,Normal
EMP00394,Operations,12,75.7,28384.96,13232.78,6575.73,2.7,0.0,4397.61,1121.87,43392.48,0,Normal
EMP00580,Sales,7,62.5,57395.52,17409.12,7453.61,11.5,0.0,15286.03,2215.54,70944.63,0,Normal
EMP00025,HR,3,60.6,31072.6,11329.24,4580.57,0.7,5977.34,8423.7,1894.33,42845.63,0,Normal
EMP00212,Finance,23,67.2,68828.79,27385.5,9325.71,2.5,0.0,10652.53,3613.41,92887.23,0,Normal
EMP01293,Finance,13,59.2,49261.04,16642.31,5931.44,5.2,0.0,8785.16,1581.67,63869.44,0,Normal
EMP00990,Operations,14,85.7,21854.49,9201.13,4684.6,11.4,1329.9,2709.97,1387.28,35308.57,0,Normal
EMP00537,Operations,21,77.2,26997.35,13040.05,6579.81,0.3,0.0,7457.73,603.08,38632.33,0,Normal
EMP00890,Engineering,15,46.6,56862.29,24542.93,8951.55,6.4,0.0,11462.23,2043.9,80262.38,0,Normal
EMP00818,Sales,16,93.6,50527.74,18343.99,6657.39,11.8,0.0,7793.17,1577.92,71747.66,0,Normal
EMP00086,Sales,20,93.8,30984.54,13476.95,,46.1,4459.81,7879.66,2072.97,55696.51,0,Normal
EMP01511,Operations,28,75.5,302855.67,121142.27,45428.35,28.2,45428.35,60571.13,15142.78,519208.2,1,salary_spike
EMP00273,Operations,24,59.9,41883.79,15006.63,8480.09,0.7,0.0,9953.05,1872.79,53819.53,0,Normal
EMP01560,Operations,14,52.4,301721.81,120688.72,45258.27,15.4,45258.27,60344.36,15086.09,481057.71,1,salary_spike
EMP00980,Finance,12,94.7,33857.22,12548.18,4586.68,2.5,0.0,3812.55,1563.44,46409.62,0,Normal
EMP00817,Finance,9,86.7,62365.24,27218.58,14794.61,12.1,6746.97,12504.6,1664.91,104030.45,0,Normal
EMP01513,Sales,24,47.7,46311.02,18524.41,6946.65,1.4,4631.1,-2513.75,-247.62,79782.38,1,negative_deduction
EMP00631,Operations,19,73.2,20000.0,7337.6,3737.94,8.8,0.0,2213.36,1231.49,29280.69,0,Normal
EMP01152,Operations,16,83.3,49361.69,23659.8,8985.67,2.2,0.0,13196.46,3735.23,66093.55,0,Normal
EMP01567,Operations,5,51.0,42636.64,17054.66,6395.5,23.3,4263.66,8527.33,2131.83,6900.47,1,net_salary_inconsistency
EMP01235,Finance,5,62.1,49082.18,16674.51,7503.65,8.8,0.0,8902.17,1531.46,66875.99,0,Normal
EMP00506,Engineering,9,78.2,54725.58,18407.27,8320.69,0.7,0.0,8119.67,3990.55,69702.46,0,Normal
EMP00274,Management,26,64.7,69504.61,23736.39,16673.11,4.8,3700.71,20656.41,4502.87,91583.25,0,Normal
EMP01614,HR,20,72.9,34432.04,13772.82,5164.81,1.9,3443.2,-2198.74,-385.37,60010.3,1,negative_deduction
EMP01108,Operations,26,,37557.21,13937.03,8545.01,5.8,2622.69,8432.3,1503.43,54768.38,0,Normal
EMP00363,HR,11,80.2,36414.61,12109.98,4470.31,26.1,0.0,5586.45,1973.03,54345.62,0,Normal
EMP01356,Operations,15,85.5,37623.04,11698.75,7753.52,21.4,0.0,4314.31,2441.23,57867.89,0,Normal
EMP00623,Sales,25,54.0,28457.52,10457.88,5448.26,1.4,1565.52,7177.62,1361.64,37763.42,0,Normal
EMP00003,Operations,26,63.0,23883.42,8077.02,4525.19,5.6,0.0,4896.59,881.14,31961.78,0,Normal
EMP00007,Engineering,13,40.7,71611.27,25273.55,9273.89,21.9,0.0,15542.8,3022.01,102296.59,0,Normal
EMP00312,Engineering,5,55.5,47682.61,17926.29,5388.42,2.3,0.0,14085.17,3137.44,54802.87,0,Normal
EMP01381,Engineering,9,50.6,46485.04,15710.79,5811.47,1.5,0.0,4956.92,3698.76,60005.32,0,Normal
EMP00819,Engineering,18,83.5,45725.47,14935.86,5561.86,2.1,6676.25,13238.46,2297.73,58263.47,0,Normal
EMP00666,Engineering,9,93.2,60303.29,21355.13,7237.15,2.7,11923.81,7039.58,2508.85,92797.38,0,Normal
EMP00365,Management,23,66.3,73300.28,24196.02,14638.86,4.9,5186.49,18999.04,2423.89,99265.95,0,Normal
EMP01656,HR,18,47.9,289898.13,115959.25,43484.72,18.4,,57979.63,14494.91,470359.71,1,salary_spike
EMP00216,Engineering,7,55.5,52488.12,24545.86,6084.64,22.8,6935.87,8708.22,3931.6,88634.0,0,Normal
EMP00965,Sales,12,62.6,42202.19,15026.81,10526.65,1.9,6617.71,8052.65,1306.65,65765.79,0,Normal
EMP00028,HR,12,61.3,36427.57,13298.18,4958.54,9.5,0.0,6271.29,2632.85,49024.48,0,Normal
EMP01204,Sales,13,42.5,52014.2,24541.46,7064.92,0.3,7206.3,8561.99,3694.42,78716.76,0,Normal
EMP00526,HR,10,92.0,46313.76,18815.37,8585.69,18.5,2901.12,6204.12,2364.73,76079.63,0,Normal
EMP01536,HR,14,57.9,226945.4,90778.16,34041.81,5.5,34041.81,45389.08,11347.27,340772.7,1,salary_spike
EMP00856,Engineering,3,69.5,52674.09,22266.79,8609.13,2.2,0.0,14376.43,4156.78,66103.2,0,Normal
EMP00639,Sales,20,82.0,51684.06,17047.98,7573.54,3.5,,10786.82,1064.97,72428.95,0,Normal
EMP00939,Engineering,8,80.7,36354.89,16930.03,5698.53,0.3,0.0,10868.75,2070.32,46146.63,0,Normal
EMP00719,Engineering,25,58.4,34798.74,11961.82,5877.56,8.4,0.0,7931.01,1170.33,46277.18,0,Normal
EMP00692,Sales,7,53.9,57977.8,17858.77,12197.84,2.3,0.0,15325.23,1272.55,72686.78,0,Normal
EMP01317,HR,28,60.1,36383.94,17770.34,4273.28,7.6,3169.14,7640.54,2569.44,53979.08,0,Normal
EMP00625,Finance,18,75.2,50906.84,16122.45,6284.67,23.5,0.0,14664.39,3793.66,66071.32,0,Normal
EMP00008,Operations,22,72.5,39511.27,17084.43,5358.62,19.5,0.0,6170.74,1465.39,61541.34,0,Normal
EMP00257,Management,18,49.0,81026.24,27843.98,8785.97,5.3,8787.18,14115.82,6193.5,110160.04,0,Normal
EMP00804,Finance,13,43.5,57097.37,18232.84,12111.96,2.2,0.0,5951.42,3515.4,79152.98,0,Normal
EMP00026,Operations,28,76.8,42526.17,20394.86,4608.18,4.3,0.0,5034.21,3250.83,60958.51,0,Normal
EMP00337,Operations,1,96.9,51492.03,18717.86,10113.89,3.8,0.0,11394.75,3360.96,67402.47,0,Normal
EMP00573,Sales,4,77.0,41825.22,13977.46,4372.96,5.5,0.0,11627.13,1262.83,49442.29,0,Normal
EMP00048,HR,27,88.4,33359.69,12412.65,4314.03,4.0,2220.39,9274.76,2612.82,41670.17,0,Normal
EMP01240,Engineering,8,64.4,55832.13,26765.87,7078.28,8.9,4531.47,15047.48,1612.28,82206.48,0,Normal
EMP00107,Sales,6,88.6,40998.97,17299.08,7328.87,8.3,7486.4,6122.11,1539.1,68642.34,0,Normal
EMP00350,Finance,22,83.0,66252.83,24008.43,12669.64,4.3,0.0,9921.27,1773.05,93907.4,0,Normal
EMP00056,Management,23,54.6,102459.36,43519.47,21587.08,5.0,0.0,22436.88,4719.81,145212.0,0,Normal
EMP01445,Operations,16,46.7,30005.24,10014.61,4628.77,2.0,4400.41,6688.05,2050.73,40872.85,0,Normal
EMP00214,Engineering,7,42.0,35637.26,14201.94,5857.78,6.7,0.0,9402.28,928.87,47604.3,0,Normal
EMP00121,Operations,6,66.6,36068.33,13380.81,7546.12,24.0,0.0,3879.39,1572.8,59658.44,0,Normal
EMP01507,Management,26,82.5,71829.27,28731.71,10774.39,23.4,7182.93,14365.85,3591.46,407114.89,1,net_salary_inconsistency
EMP00915,Finance,19,73.2,43205.83,14367.33,8547.93,6.8,4814.33,6879.08,2864.24,63946.47,0,Normal
EMP00794,Finance,21,60.6,42808.57,17686.32,8315.65,7.0,0.0,6839.12,1216.45,63564.28,0,Normal
EMP00073,Engineering,8,98.9,53940.62,26195.53,11560.89,1.1,0.0,5672.47,1666.22,84914.61,0,Normal
EMP00813,Engineering,1,62.7,62870.81,22972.25,13003.76,1.9,0.0,13002.96,2378.91,84584.84,0,Normal
EMP01450,Finance,6,68.7,64023.63,31176.89,15366.44,5.8,8745.71,9162.34,2257.16,111374.45,0,Normal
EMP00975,Engineering,17,43.3,50751.51,19717.75,8252.57,23.1,0.0,5199.91,3551.15,80961.64,0,Normal
EMP01079,Engineering,14,93.9,50115.56,19140.87,12270.37,3.3,4510.32,14279.05,1685.27,71623.25,0,Normal
EMP00046,Finance,29,93.5,50446.51,16446.38,9236.7,3.5,0.0,11616.01,3672.83,62496.03,0,Normal
EMP01408,Operations,22,72.5,40209.09,18647.92,7334.61,3.1,0.0,9707.58,2741.44,54911.18,0,Normal
EMP00524,Operations,23,54.4,37594.87,14310.19,8628.58,5.7,3548.54,6818.8,2519.51,56752.85,0,Normal
EMP00233,Finance,5,67.5,72147.26,27014.43,11778.54,20.3,0.0,17767.63,3833.39,103069.74,0,Normal
EMP00987,Finance,25,40.6,32390.06,12399.83,7376.42,5.5,2138.8,8944.5,2334.34,44696.38,0,Normal
EMP01231,Operations,6,92.8,20230.5,9084.36,2181.69,1.9,2673.68,2740.06,1078.3,30712.23,0,Normal
EMP01504,Engineering,29,64.8,38391.32,15356.53,5758.7,9.6,185696.88,7678.26,1919.57,239060.82,1,bonus_abuse
EMP00994,Finance,20,53.9,52537.71,17703.51,,16.7,,13219.85,1988.06,73135.33,0,Normal
EMP00534,Finance,17,89.8,35194.22,16503.74,8096.75,4.4,0.0,7359.03,727.04,53160.4,0,Normal
EMP01080,Management,18,98.8,92353.73,45774.59,13967.17,9.8,0.0,24496.97,6769.39,129314.13,0,Normal
EMP01632,Operations,13,42.7,409118.12,163647.25,61367.72,12.7,61367.72,81823.62,20455.91,641931.91,1,salary_spike
EMP00604,Engineering,14,77.5,35776.41,13578.47,5507.83,5.1,2518.05,9713.92,1225.6,48151.8,0,Normal
EMP00466,Sales,15,66.5,51720.43,23878.35,7627.14,0.7,0.0,6623.16,1572.93,75369.25,0,Normal
EMP01342,HR,7,62.9,44777.29,15185.88,6742.65,11.5,0.0,9683.89,1558.92,60290.56,0,Normal
EMP00789,HR,5,83.4,45882.35,16099.95,5456.17,2.5,0.0,12752.48,1582.38,54178.98,0,Normal
EMP01424,Engineering,13,57.8,69682.83,25506.09,11695.03,7.0,7084.36,7127.61,4292.85,107120.79,0,Normal
EMP01362,Engineering,16,61.2,90823.11,42575.68,22514.15,4.4,0.0,10578.22,6217.71,142863.46,0,Normal
EMP01462,Finance,18,58.1,58679.62,19570.44,9465.31,3.3,11073.56,7189.51,1434.55,91980.27,0,Normal
EMP00061,Sales,15,86.3,31311.61,12921.65,5315.32,23.6,0.0,8356.91,1488.12,46631.24,0,Normal
EMP01178,Engineering,20,79.1,55597.28,19829.15,6901.24,36.2,9178.65,10600.18,4077.99,95696.48,0,Normal
EMP00093,Operations,17,72.3,20000.0,8788.54,2559.26,0.3,2989.44,4228.26,909.84,29255.39,0,Normal
EMP00667,Engineering,27,43.0,41915.21,13255.51,,7.1,0.0,11746.52,1895.92,52858.34,0,Normal
EMP00874,Sales,24,49.2,46549.23,17049.61,7835.87,4.6,0.0,7379.1,3618.58,62444.47,0,Normal
EMP01420,Management,22,89.5,111655.17,41912.38,20692.15,5.4,0.0,28251.25,3723.9,147937.09,0,Normal
EMP00195,Sales,9,95.2,36811.41,13299.69,8832.17,2.2,0.0,9239.51,2455.91,48007.09,0,Normal
EMP00281,Operations,19,73.5,40303.05,16018.57,7951.89,18.3,6745.09,7813.01,1206.56,68913.52,0,Normal
EMP00696,Finance,19,49.0,42623.18,14579.84,10640.91,5.9,0.0,6424.99,1589.55,62186.98,0,Normal
EMP00360,Finance,27,68.3,70395.02,34192.7,7645.52,0.8,0.0,13003.17,5319.85,94438.18,0,Normal
EMP00520,Engineering,19,71.6,49820.56,24255.68,8801.5,21.5,0.0,9779.13,1247.36,81893.21,0,Normal
EMP01550,Finance,21,68.6,50646.85,20258.74,7597.03,324.0,5064.69,10129.37,2532.34,224745.41,1,impossible_overtime
EMP01344,Operations,16,75.1,30102.11,12936.36,3241.5,14.7,0.0,4410.53,2040.77,43977.12,0,Normal
EMP00848,Management,27,42.9,65292.4,22640.02,15791.44,5.7,0.0,11868.12,4935.46,90409.34,0,Normal
EMP00183,Management,6,95.9,87864.89,31673.88,13194.35,1.2,0.0,15926.79,5146.76,112648.05,0,Normal
EMP01146,Operations,5,74.6,59879.35,23612.22,13333.53,43.2,0.0,9929.63,4595.4,106551.21,0,Normal
EMP01156,Operations,18,50.6,38372.69,15940.92,8748.69,5.6,0.0,8264.88,1327.78,55484.21,0,Normal
EMP00111,Sales,12,73.5,51821.79,25505.86,6141.79,5.8,0.0,14899.03,1697.55,69690.67,0,Normal
EMP01030,Operations,16,95.3,39708.43,18600.74,5435.0,0.5,6425.83,6320.1,1214.95,62821.08,0,Normal
EMP01034,Engineering,12,63.6,38641.91,12573.65,6953.93,2.3,0.0,4804.1,789.65,53408.96,0,Normal
EMP00043,Engineering,14,93.3,56467.57,19667.61,11927.92,5.7,0.0,15157.77,4419.4,71503.42,0,Normal
EMP00747,Sales,1,49.5,27862.11,8745.33,6218.52,4.2,0.0,3936.99,709.79,39276.25,0,Normal
EMP00126,Sales,8,60.1,30018.9,12649.05,5584.55,2.8,1696.36,6692.07,973.37,43071.42,0,Normal
EMP00205,Finance,10,65.4,63162.29,22913.7,11553.79,6.6,0.0,9697.52,4929.13,86911.3,0,Normal
EMP01027,Operations,24,44.3,23608.34,10130.68,4104.43,13.3,0.0,2946.03,799.58,37041.51,0,Normal
EMP00053,Management,16,73.1,67068.67,23232.83,14350.92,11.5,8661.49,14878.82,4484.11,101181.82,0,Normal
EMP01492,Sales,7,58.7,55673.56,27147.14,9393.84,2.1,3906.32,14181.58,4039.29,78996.06,0,Normal
EMP00546,Sales,11,99.6,39828.68,14115.27,5616.69,30.5,0.0,7302.26,3108.98,60537.91,0,Normal
EMP00069,Engineering,29,64.3,66566.55,29387.76,11539.79,11.9,6298.79,12422.39,2338.21,106458.62,0,Normal
EMP01183,Finance,1,40.6,55412.21,24036.45,12312.25,14.2,0.0,14500.93,3965.39,80671.34,0,Normal
EMP00508,Operations,6,66.0,30961.8,14411.49,6726.98,3.3,0.0,5777.93,759.22,46521.0,0,Normal
EMP01302,Management,17,74.4,93368.28,43674.95,23153.97,9.4,8103.76,23402.08,3463.45,149663.51,0,Normal
EMP00330,Engineering,5,46.0,70151.01,21467.67,15412.16,10.8,9316.25,10735.64,3991.9,108722.34,0,Normal
EMP00942,Finance,15,73.9,40077.43,17073.73,9907.44,2.8,0.0,4422.51,3031.29,60656.83,0,Normal
EMP00184,Operations,27,81.2,44525.17,18374.72,7920.89,4.7,8600.8,5938.22,3191.02,72254.23,0,Normal
EMP00138,Operations,11,88.6,32677.8,9999.58,4934.37,0.1,0.0,5325.08,1937.61,40379.7,0,Normal
EMP00900,Engineering,12,46.9,57323.08,22264.67,,0.7,0.0,13001.45,4443.79,74591.77,0,Normal
EMP00797,Management,22,51.4,41557.86,17029.36,9222.84,7.9,5034.69,9389.1,2186.33,64347.2,0,Normal
EMP00133,Engineering,13,81.5,54927.15,18638.47,12213.7,2.0,0.0,8317.92,3621.34,74869.94,0,Normal
EMP00081,Operations,1,84.3,31966.98,14733.03,6185.02,27.7,0.0,3568.37,1613.43,56004.65,0,Normal
EMP01353,Sales,20,49.1,46939.95,18168.22,7322.77,4.4,0.0,5647.58,1824.03,66895.6,0,Normal
EMP00106,Engineering,10,97.9,38035.43,17337.33,8926.66,13.9,0.0,11004.13,2313.04,55938.74,0,Normal
EMP01297,Engineering,7,63.6,48039.36,18840.06,6598.04,12.0,0.0,10061.72,2715.87,66104.3,0,Normal
EMP00542,Finance,17,62.5,55381.06,20030.98,9221.82,13.0,2771.05,11974.56,3809.51,78370.41,0,Normal
EMP01563,Finance,19,55.7,300713.74,120285.5,45107.06,8.9,45107.06,60142.75,15035.69,461125.72,1,salary_spike
EMP00481,Finance,17,82.9,50266.41,24843.18,5133.68,4.3,0.0,14540.15,3849.89,63879.59,0,Normal
EMP00166,Operations,25,57.1,20000.0,9193.17,3597.41,18.6,0.0,2009.82,1183.93,33084.33,0,Normal
EMP00249,Management,1,60.7,74191.76,27709.0,10593.16,0.9,0.0,15869.79,5531.86,91718.26,0,Normal
EMP00308,Sales,27,73.8,45552.04,14682.27,4790.47,0.5,3370.26,10872.97,1052.24,56683.36,0,Normal
EMP00447,Management,24,98.9,82208.07,28386.8,19650.7,0.1,7216.06,15864.03,3112.99,118561.68,0,Normal
EMP00931,Engineering,27,59.4,58920.94,19366.95,7091.83,1.4,10671.5,8544.01,4611.93,83668.62,0,Normal
EMP00859,Finance,23,43.8,56989.6,23743.35,6813.0,18.0,0.0,12189.31,2640.08,82333.55,0,Normal
EMP00335,Engineering,24,62.0,73505.32,31040.76,10707.78,6.8,12283.47,10689.87,3623.41,117910.01,0,Normal
EMP01024,Management,19,61.7,104711.27,32336.22,17556.89,4.4,19265.35,18805.25,3186.15,156197.67,0,Normal
EMP00850,Finance,21,84.8,60313.27,27986.17,,7.6,0.0,10889.6,2880.09,87586.85,0,Normal
EMP00098,Sales,16,77.8,45771.17,19217.5,9716.82,2.5,0.0,7816.85,3051.45,64909.95,0,Normal
EMP00950,Finance,17,54.9,56635.06,18997.14,6144.55,36.3,0.0,11503.11,1483.73,88063.53,0,Normal
EMP01657,Finance,6,95.4,40363.24,16145.3,6054.49,17.9,4036.32,8072.65,2018.16,6328.2,1,net_salary_inconsistency
EMP00738,Operations,26,75.7,47789.18,16006.0,9477.86,7.6,4810.62,12479.06,3175.86,65833.72,0,Normal
EMP01402,Engineering,26,69.6,56028.25,17899.53,6421.2,3.8,5772.72,9673.23,3112.19,75332.29,0,Normal
EMP01223,Sales,5,74.5,45094.09,19586.25,9307.17,5.9,7684.09,10030.28,927.74,73207.85,0,Normal
EMP00422,Operations,14,80.2,44189.1,17357.32,4751.49,13.1,3609.09,7444.16,3492.75,64397.06,0,Normal
EMP00103,Sales,15,51.2,46848.8,21900.57,11410.97,21.7,0.0,10845.44,2486.73,76358.97,0,Normal
EMP00435,Engineering,18,60.5,26644.81,9572.72,5795.92,0.5,0.0,4971.13,1426.12,35741.1,0,Normal
EMP00075,Operations,2,43.9,28570.6,10524.87,4322.09,2.5,0.0,6413.05,1999.11,35675.02,0,Normal
EMP01502,Operations,27,71.4,36823.3,14729.32,5523.49,22.0,3682.33,7364.66,1841.17,-29573.71,1,net_salary_inconsistency
EMP00910,Sales,4,55.9,50335.94,20957.23,7867.42,16.6,6142.77,8114.21,1964.33,83058.35,0,Normal
EMP01432,HR,24,93.3,34798.89,15890.3,3914.48,1.4,0.0,7650.02,1909.87,45500.52,0,Normal
EMP00229,Operations,4,72.1,35256.03,14029.25,3764.38,11.1,0.0,6843.51,864.45,49010.53,0,Normal
EMP01558,Management,17,83.1,391163.27,156465.31,58674.49,23.5,58674.49,78232.65,19558.16,653364.91,1,salary_spike
EMP00919,Operations,23,61.2,33884.43,13908.65,3474.41,1.9,0.0,7905.5,1811.16,42154.4,0,Normal
EMP00303,HR,1,43.1,36536.84,11143.53,4769.16,1.3,0.0,7203.75,1435.0,44256.07,0,Normal
EMP01442,Engineering,6,65.9,62436.54,30661.94,9683.97,15.4,0.0,18215.12,2265.67,91315.94,0,Normal
EMP01407,Operations,10,42.7,27033.48,9379.29,2969.46,2.3,0.0,7731.61,1786.77,30446.76,0,Normal
EMP01495,Finance,19,78.7,42763.82,18178.33,4692.68,0.5,0.0,10903.3,1649.86,53282.13,0,Normal
EMP00825,HR,4,76.5,44671.88,20133.37,,6.6,0.0,6965.19,3138.37,63493.42,0,Normal
EMP00763,Engineering,9,41.3,42127.08,15130.57,7665.93,3.1,5902.47,7101.72,2620.32,62328.33,0,Normal
EMP00734,HR,27,91.9,37232.73,11377.22,7718.28,17.6,0.0,8609.91,1775.98,52085.74,0,Normal
EMP00389,Operations,24,47.1,41128.64,14572.97,9436.72,0.0,0.0,6815.09,2443.02,55880.22,0,Normal
EMP00236,Operations,25,47.6,36477.44,15108.06,6808.22,7.3,0.0,10031.22,1771.11,49087.81,0,Normal
EMP01388,Engineering,21,54.6,48222.71,19374.86,4953.06,4.4,7122.51,9982.81,1643.08,70036.44,0,Normal
EMP00268,Operations,9,92.7,26174.33,9690.89,2680.36,6.0,0.0,6171.27,1368.27,32478.35,0,Normal
EMP00306,Management,28,70.0,90594.41,28077.28,16742.97,13.2,0.0,22068.91,2324.34,122232.47,0,Normal
EMP01119,Sales,17,82.9,47996.81,16415.94,5829.66,4.1,2755.84,8560.02,3208.87,63074.24,0,Normal
EMP00985,Operations,18,59.2,33214.38,15175.02,4131.09,3.2,0.0,5234.17,2460.23,45822.52,0,Normal
EMP00118,Engineering,25,70.1,59719.81,28920.01,13488.61,0.1,10191.07,10234.65,1426.49,100714.35,0,Normal
EMP01352,Finance,28,95.3,56019.91,27962.17,8682.12,20.4,0.0,13248.47,3765.85,86363.69,0,Normal
EMP00674,HR,10,40.2,40009.87,16626.56,6805.24,8.7,0.0,9667.56,2787.12,54250.29,0,Normal
EMP00250,Operations,14,48.3,32993.34,10472.2,6421.02,10.4,5907.03,9083.76,1945.11,47981.57,0,Normal
EMP01217,Engineering,11,85.3,50682.78,23130.51,7937.04,0.0,6124.62,5592.55,1634.82,80647.58,0,Normal
EMP01201,Operations,20,63.9,26765.03,9400.9,4629.61,20.2,4751.99,4450.46,899.47,45266.23,0,Normal
EMP00072,Engineering,26,67.5,38562.36,16171.91,7147.28,1.0,0.0,5384.11,1538.69,55320.27,0,Normal
EMP00095,Operations,21,95.6,44821.35,15914.16,8150.96,2.5,0.0,7306.38,1359.57,61271.02,0,Normal
EMP01076,Sales,5,62.3,48576.88,22642.88,6565.1,0.6,0.0,6110.36,3150.93,68796.81,0,Normal
EMP00034,Management,10,95.8,85756.07,35617.97,20291.94,15.6,0.0,13933.75,2900.73,137373.33,0,Normal
EMP00800,Management,18,63.4,84018.3,31737.52,18250.4,0.4,0.0,14372.84,1938.82,118009.63,0,Normal
EMP01226,Finance,5,93.4,41656.55,14220.03,9013.63,14.7,5993.42,6202.72,1887.89,68533.81,0,Normal
EMP01405,Finance,16,91.2,40151.19,12101.43,6123.1,5.6,4853.05,11435.34,2171.88,51729.49,0,Normal
EMP00449,Sales,6,65.1,44907.71,15743.37,7919.2,5.2,0.0,12976.85,904.96,56877.72,0,Normal
EMP00446,Management,4,82.6,62840.09,24607.28,12081.66,0.4,10949.32,12679.57,3490.72,94543.71,0,Normal
EMP00772,Operations,13,93.9,38973.59,14213.91,8810.07,7.9,0.0,8758.35,789.48,55336.22,0,Normal
EMP00717,Operations,24,73.4,30502.66,12965.64,,4.5,0.0,8507.43,1495.83,41583.2,0,Normal
EMP01068,Engineering,6,73.1,47794.92,23156.01,11862.8,1.9,0.0,6334.05,2448.88,74882.15,0,Normal
EMP01582,HR,17,71.8,323191.45,129276.58,48478.72,21.3,48478.72,64638.29,16159.57,533164.9,1,salary_spike
EMP00001,Sales,5,58.2,20000.0,7298.05,3067.87,3.5,2593.99,2154.74,1396.7,30064.72,0,Normal
EMP01376,Operations,25,56.1,32639.28,10513.79,3728.3,1.4,0.0,3609.73,811.16,42888.87,0,Normal
EMP01608,HR,7,77.2,33305.27,13322.11,4995.79,1.6,3330.53,-2738.08,-728.34,58919.7,1,negative_deduction
EMP00078,Engineering,8,68.3,48356.94,24136.22,7470.58,0.3,5173.47,7930.64,1640.18,75702.39,0,Normal
EMP00085,Sales,23,91.5,36156.5,14135.49,5758.21,14.7,0.0,4855.98,2625.38,53551.66,0,Normal
EMP00145,Sales,7,60.3,46828.59,17188.71,5845.38,0.4,0.0,9484.55,1839.48,58714.26,0,Normal
EMP00083,Sales,22,41.0,36764.87,15390.94,8116.38,0.5,0.0,5312.68,2268.32,52863.53,0,Normal
EMP00458,HR,29,97.3,32737.46,11969.99,8178.44,27.0,0.0,3579.5,1855.33,55737.73,0,Normal
EMP01088,Engineering,18,55.2,39036.24,17989.19,7512.27,7.4,0.0,9324.63,1183.51,56737.7,0,Normal
EMP00677,Engineering,27,77.5,41275.29,16243.32,9501.57,8.3,0.0,10814.7,3187.04,56230.17,0,Normal
EMP01615,Sales,15,73.7,53423.4,21369.36,8013.51,307.6,5342.34,10684.68,2671.17,228852.49,1,impossible_overtime
EMP01199,Operations,13,75.3,20790.12,7197.88,2822.27,5.6,0.0,5948.31,920.57,25032.87,0,Normal
EMP00437,Engineering,10,99.1,62429.85,28951.72,13377.69,2.0,0.0,13091.33,3856.65,88981.84,0,Normal
EMP00771,Engineering,17,78.3,40245.4,17939.62,7572.97,16.1,0.0,8964.36,3069.48,59798.69,0,Normal
EMP00870,Management,23,56.0,71150.55,25838.65,14400.92,5.1,0.0,17198.21,5403.87,92189.93,0,Normal
EMP00645,Engineering,29,44.6,33362.32,10240.05,4003.23,2.3,6102.34,3616.77,1799.31,49011.24,0,Normal
EMP00863,HR,6,93.8,47524.61,18688.4,5941.87,23.6,0.0,5960.12,1262.53,75447.05,0,Normal
EMP01028,Operations,13,86.1,32866.78,10159.68,4234.8,6.2,0.0,6568.17,2410.43,40193.04,0,Normal
EMP00977,Finance,17,81.1,51120.42,23724.86,5829.46,9.5,3645.36,14178.09,1968.41,72726.51,0,Normal
EMP01643,HR,6,42.2,31798.46,12719.38,4769.77,19.1,3179.85,-3069.92,-375.98,61607.27,1,negative_deduction
EMP01330,HR,3,88.5,24562.29,11691.23,3030.44,9.1,4210.49,4665.26,617.49,40307.17,0,Normal
EMP01455,Engineering,28,93.2,62185.53,22190.09,11984.11,3.5,7717.62,11587.69,1898.57,92631.55,0,Normal
EMP00405,Sales,24,41.6,48631.6,19906.82,6268.68,1.0,8019.54,6321.08,3066.82,73894.66,0,Normal
EMP01454,Finance,10,61.3,49928.27,16967.82,5212.26,6.7,0.0,14679.48,1361.96,59203.03,0,Normal
EMP01094,HR,29,60.5,37915.38,15534.6,8403.57,2.4,0.0,10721.06,1396.18,50589.41,0,Normal
EMP01329,Finance,8,66.5,50279.27,19515.04,10246.37,22.0,0.0,8157.23,2910.59,79342.96,0,Normal
EMP00105,Management,29,83.8,83048.49,25232.54,14223.3,8.6,0.0,14794.55,5176.43,109229.13,0,Normal
EMP00610,Finance,12,79.2,56066.34,26959.42,9047.84,4.6,0.0,7654.88,3505.11,83331.47,0,Normal
EMP01037,Sales,14,87.1,45832.98,16003.48,5472.78,6.8,0.0,10827.33,1921.52,57482.24,0,Normal
EMP01056,Sales,3,67.4,44392.9,21812.19,10870.73,9.4,5204.36,6489.71,1474.19,78228.4,0,Normal
EMP00689,Operations,9,90.6,42755.66,19492.45,9630.54,5.4,0.0,9465.44,963.55,63614.17,0,Normal
EMP01160,Engineering,3,53.8,41798.15,16131.36,5826.84,7.6,0.0,4685.13,2996.17,59053.17,0,Normal
EMP00827,Sales,26,99.4,48525.86,19409.95,9827.19,5.6,2561.47,12346.46,1182.14,69343.48,0,Normal
EMP01277,Engineering,14,40.3,53422.33,25199.38,6210.88,4.6,0.0,12502.81,3136.2,71497.42,0,Normal
EMP01150,Operations,19,,42101.24,16060.49,8968.46,13.7,5225.56,9466.8,2230.53,66065.8,0,Normal
EMP00063,Operations,12,76.6,40070.22,18948.67,8478.29,2.5,0.0,8631.74,1444.16,58360.43,0,Normal
EMP00282,Sales,19,72.7,52561.26,20288.49,12345.98,18.1,0.0,8901.36,1694.81,83518.55,0,Normal
EMP00853,Engineering,25,54.6,45770.29,20041.08,5215.64,22.2,0.0,6890.65,3221.21,70441.09,0,Normal
EMP00779,Operations,15,44.2,43686.29,21130.16,8276.45,21.7,0.0,6723.86,1168.01,74088.46,0,Normal
EMP01134,Engineering,5,55.5,45300.81,17387.35,5545.15,8.8,0.0,7401.66,2832.99,61735.98,0,Normal
EMP00239,Finance,12,60.3,63204.55,21726.06,9311.93,5.9,0.0,15600.46,4376.32,77761.76,0,Normal
EMP00224,Sales,21,84.2,36548.57,12400.34,4308.4,12.5,0.0,8381.85,2302.93,46855.57,0,Normal
EMP00146,Engineering,8,53.5,44218.38,13858.19,9108.57,12.2,0.0,10397.92,3509.79,58334.91,0,Normal
EMP01566,Engineering,28,81.8,62065.98,24826.39,9309.9,380.1,6206.6,12413.2,3103.3,308060.61,1,impossible_overtime
EMP00374,Finance,24,48.4,48376.37,20104.17,7509.83,22.3,7047.15,7541.32,3138.92,82470.97,0,Normal
EMP01423,Engineering,8,60.5,54362.55,21668.45,13318.21,0.2,0.0,6321.17,3506.2,79623.77,0,Normal
EMP01192,Finance,5,81.3,56787.07,24748.56,9855.22,5.7,10150.33,10642.78,3721.78,90211.18,0,Normal
EMP00119,Operations,7,54.4,36536.39,15222.46,6671.51,1.7,0.0,5844.99,2350.37,50817.3,0,Normal
EMP01475,Sales,26,79.0,57299.62,28141.55,7856.89,6.7,0.0,13290.43,1586.52,82020.24,0,Normal
EMP01254,Engineering,16,69.5,43989.97,20751.81,8833.58,4.6,0.0,11085.45,968.38,63418.6,0,Normal
EMP00251,Sales,22,99.9,53953.75,22194.25,9082.97,1.8,0.0,15411.53,1343.57,69386.34,0,Normal
EMP01618,Management,10,80.2,474617.97,189847.19,71192.7,22.4,71192.7,94923.59,23730.9,787865.84,1,salary_spike
EMP01347,Sales,14,93.7,68541.85,24080.77,10976.67,2.2,13093.3,20447.37,4600.52,93058.38,0,Normal
EMP01337,Engineering,27,52.6,51652.44,22346.36,12293.59,8.3,0.0,6512.89,3331.56,80467.15,0,Normal
EMP00010,Operations,15,94.9,41827.32,19056.74,8215.69,0.3,0.0,6726.75,2721.11,59769.53,0,Normal
EMP00450,Engineering,17,81.9,51971.76,21595.63,8727.29,1.1,8030.64,13300.7,1354.86,76205.72,0,Normal
EMP00709,Sales,15,51.7,32181.3,14047.35,6342.98,5.6,0.0,8248.0,2479.02,43534.13,0,Normal
EMP00256,Finance,3,74.3,60206.24,20717.02,14371.01,4.2,0.0,8486.69,4309.48,84868.72,0,Normal
EMP00883,Engineering,15,79.6,48710.94,20308.01,12072.52,1.4,9626.49,7248.81,2671.58,81436.9,0,Normal
EMP00390,Operations,15,54.7,44815.47,15153.09,7712.02,4.8,0.0,13018.46,3146.96,53531.86,0,Normal
EMP00909,Sales,16,88.1,54804.73,23037.79,5711.65,4.5,0.0,16296.7,3437.97,66131.57,0,Normal
EMP00925,Sales,6,,37045.17,15116.5,5178.01,10.3,0.0,9766.68,1924.53,49225.64,0,Normal
EMP01436,Engineering,1,84.8,28037.33,8806.72,4665.36,1.1,0.0,6109.36,580.31,35108.87,0,Normal
EMP01135,Finance,8,44.4,40865.11,17157.62,8060.18,6.3,0.0,9434.17,1371.4,57690.94,0,Normal
EMP00461,Engineering,1,80.8,56359.24,22168.27,6333.98,1.8,6839.51,10624.72,3712.6,78314.74,0,Normal
EMP01542,Operations,26,43.5,121754.25,48701.7,18263.14,6.1,18263.14,24350.85,6087.71,183506.49,1,salary_spike
EMP00959,Engineering,28,54.4,24252.0,11202.85,3058.04,0.6,0.0,6392.41,1444.15,30812.75,0,Normal
EMP00502,HR,6,89.1,37173.52,16176.6,5785.91,1.6,0.0,11013.6,1142.06,47537.97,0,Normal
EMP00740,Sales,28,66.7,39340.68,17025.26,7461.05,0.6,0.0,10139.56,2285.58,51623.14,0,Normal
EMP01549,Finance,18,88.7,589136.18,235654.47,,21.5,88370.43,117827.24,29456.81,972995.22,1,salary_spike
EMP00869,Operations,20,52.8,36677.28,11156.74,7392.99,3.3,0.0,6963.92,2219.69,47178.1,0,Normal
EMP00732,Operations,11,76.7,35051.38,11087.44,7093.58,0.4,5542.41,4421.62,815.69,53668.94,0,Normal
EMP00540,Engineering,17,46.2,57154.98,22679.33,13393.32,0.4,6214.0,12462.68,3187.75,84005.53,0,Normal
EMP00698,Finance,10,,47249.49,16565.92,6703.26,12.1,0.0,8807.54,3706.07,63364.92,0,Normal
EMP01169,Engineering,17,55.4,63346.45,26037.09,12408.32,14.7,0.0,17443.68,3017.81,90060.3,0,Normal
EMP01611,Operations,13,69.7,38634.65,15453.86,5795.2,6.9,165179.17,7726.93,1931.73,217903.4,1,bonus_abuse
EMP01032,Finance,22,68.8,55083.9,17375.53,8279.72,18.0,0.0,15376.33,2691.62,71966.61,0,Normal
EMP00373,Engineering,21,77.1,58878.01,26540.65,6226.95,2.2,0.0,11333.95,4438.85,77087.17,0,Normal
EMP00668,Engineering,5,48.2,71931.19,35858.87,15771.04,7.1,0.0,9007.26,1865.32,117476.44,0,Normal
EMP01668,Operations,25,53.3,0.0,10694.81,4883.19,0.0,25669.92,0.0,0.0,41247.92,1,ghost_employee
EMP00358,Finance,8,45.0,56938.93,19196.77,8724.16,4.5,0.0,16115.72,4237.8,66908.45,0,Normal
EMP00968,Sales,13,69.4,52028.9,22309.54,8574.89,5.8,0.0,14771.32,3734.72,67236.36,0,Normal
EMP00784,Sales,14,97.2,38911.27,17742.14,7280.82,7.7,4229.92,10232.05,2557.18,58183.83,0,Normal
EMP00736,Operations,19,76.9,32039.91,12344.33,4721.09,1.8,0.0,8564.1,1220.26,39861.64,0,Normal
EMP01036,Finance,19,85.5,42718.2,17245.86,7750.84,9.4,0.0,12600.78,2543.02,56335.64,0,Normal
EMP00971,Finance,7,89.1,54823.23,23019.85,12773.23,0.4,0.0,11937.09,3913.42,74971.39,0,Normal
EMP01282,Operations,29,68.0,46051.63,16139.39,7971.82,1.8,0.0,4742.49,2697.16,63500.31,0,Normal
EMP01247,Engineering,9,56.4,39405.03,15653.04,9397.82,18.6,0.0,6048.76,1559.03,63719.35,0,Normal
EMP01382,Sales,6,55.9,30673.46,9441.03,,10.8,0.0,3708.47,1862.05,44385.95,0,Normal
EMP01426,Management,14,89.8,68737.81,33728.31,10889.11,2.0,0.0,12514.92,2417.51,99711.63,0,Normal
EMP01446,Engineering,27,67.1,52785.7,24850.9,9429.54,0.5,8637.14,12453.99,1084.99,82411.73,0,Normal
EMP00886,Engineering,16,96.5,68452.37,21385.02,15044.69,19.7,6019.48,18591.6,3181.78,101770.48,0,Normal
EMP00080,Engineering,19,90.1,74540.76,32045.21,17975.42,6.2,4225.38,17593.98,1518.04,114007.43,0,Normal
EMP00815,Operations,9,51.2,34850.33,13261.97,4715.51,2.1,5293.68,4629.8,891.92,53285.89,0,Normal
EMP01086,HR,7,45.9,38730.49,16099.18,4800.64,4.6,0.0,4892.21,2159.99,54248.36,0,Normal
EMP00672,Operations,9,91.7,36865.73,16912.66,8536.96,4.8,0.0,7420.13,1719.74,54834.44,0,Normal
EMP01289,Engineering,13,78.6,45594.81,17174.63,5840.79,11.2,4894.82,9995.64,2527.75,65769.12,0,Normal
EMP00058,Engineering,16,71.6,58347.93,17958.77,13544.55,2.4,6432.74,6130.87,2798.25,88667.7,0,Normal
EMP00134,Sales,27,77.8,49546.42,22171.29,9393.84,12.1,4073.22,10544.32,3488.3,76772.57,0,Normal
EMP00934,HR,9,93.0,30028.17,12585.89,3740.29,8.2,0.0,5375.5,767.84,42519.43,0,Normal
EMP01418,Engineering,15,60.3,66962.31,23990.73,13863.95,0.1,10447.11,12292.35,2468.34,100566.19,0,Normal
EMP00824,Sales,19,67.8,49761.54,21901.16,9797.51,7.4,3504.96,11479.88,3858.23,73079.27,0,Normal
EMP00505,Finance,27,72.6,64266.94,24360.5,10133.44,5.6,5970.98,18418.42,4033.59,85653.86,0,Normal
EMP01491,Engineering,2,81.0,44106.93,14520.19,7987.01,4.2,0.0,11566.21,1073.4,55711.23,0,Normal
EMP00348,Engineering,18,49.5,66463.66,28216.34,14185.26,13.9,0.0,7230.87,3524.29,106771.15,0,Normal
EMP00387,Sales,1,68.2,33014.53,11976.87,6753.95,2.9,4086.49,9224.51,1003.38,46501.53,0,Normal
EMP01025,Management,6,,40186.49,13545.07,8350.95,8.4,7352.38,9441.2,957.63,62200.75,0,Normal
EMP00895,Finance,24,41.9,35195.42,11369.15,7543.06,2.4,5357.76,8406.6,2280.88,49569.81,0,Normal
EMP00829,Operations,24,90.9,29868.15,12659.15,6368.61,13.4,0.0,4546.69,1598.57,46502.84,0,Normal
EMP01584,Finance,21,,161191.51,64476.6,24178.73,23.2,24178.73,32238.3,8059.58,268786.84,1,salary_spike
EMP00476,Management,15,50.2,72734.33,22295.39,17620.29,1.5,0.0,9744.75,3949.36,99978.73,0,Normal
EMP01233,Engineering,16,91.7,37041.65,14115.28,4805.39,47.7,0.0,9206.56,856.81,62463.51,0,Normal
EMP01173,Finance,17,95.5,33303.39,10534.36,3963.78,4.1,0.0,7041.8,2333.08,39706.75,0,Normal
EMP00653,Finance,7,73.9,67734.43,24347.64,7931.35,3.5,0.0,16382.57,3038.34,82815.05,0,Normal
EMP00173,HR,25,64.9,36505.9,15872.72,7635.01,4.9,2010.32,10397.96,1289.16,52013.82,0,Normal
EMP00039,Finance,6,80.6,52463.06,23589.32,12533.89,0.5,3938.41,11633.77,4192.95,76943.88,0,Normal
EMP00714,Sales,28,59.1,49016.94,16923.32,8130.42,10.7,9645.27,12852.46,3758.09,72022.41,0,Normal
EMP00091,Engineering,6,86.5,58970.56,23592.46,9054.77,7.6,0.0,10656.81,1980.22,83182.41,0,Normal
EMP01624,Management,4,81.7,485428.07,194171.23,72814.21,2.7,72814.21,97085.61,24271.4,716158.11,1,salary_spike
EMP00876,Engineering,4,92.4,88115.92,33412.45,16338.86,18.9,0.0,16530.51,2292.76,134657.0,0,Normal
EMP01132,HR,25,57.9,44852.01,14650.3,,15.2,0.0,7242.03,1151.24,67133.42,0,Normal
EMP01143,Finance,19,69.7,45776.32,19087.15,8881.75,7.5,0.0,8687.94,1829.19,66446.74,0,Normal
EMP01642,HR,6,97.5,42181.52,16872.61,6327.23,11.9,4218.15,-3363.36,-864.34,78533.09,1,negative_deduction
EMP00500,Management,4,54.9,100517.81,37290.05,24982.98,2.9,0.0,24707.55,6708.49,134107.63,0,Normal
EMP00339,HR,7,95.1,45168.44,22106.89,,4.9,0.0,12662.1,1285.18,66536.67,0,Normal
EMP00029,Finance,6,55.1,56050.57,26915.05,8857.17,37.4,0.0,12467.99,3903.86,95103.67,0,Normal
EMP01112,Engineering,18,48.5,49153.26,18263.49,6020.6,0.1,0.0,13930.25,3006.0,56547.18,0,Normal
EMP01525,Finance,1,52.9,58701.1,23480.44,8805.16,3.5,5870.11,11740.22,2935.06,294376.81,1,net_salary_inconsistency
EMP00946,Engineering,9,67.6,74712.08,36472.64,18523.1,6.0,0.0,21529.98,3554.44,108825.95,0,Normal
EMP00170,Finance,11,83.9,56599.22,18447.71,8883.85,2.3,6572.77,16359.32,3102.24,72262.41,0,Normal
EMP00913,Finance,15,81.2,50975.23,16585.55,11390.44,11.4,0.0,13844.44,2308.18,68246.58,0,Normal
EMP00492,Finance,16,65.4,53583.76,21976.45,13214.75,2.6,0.0,15240.21,3079.52,71761.33,0,Normal
EMP00954,Management,8,51.7,61960.63,24986.04,10812.84,23.8,4871.43,10032.08,3344.85,103078.97,0,Normal
EMP01098,Engineering,22,52.0,49950.86,16336.1,10778.17,3.7,9326.73,6955.31,3255.41,77913.81,0,Normal
EMP01033,Engineering,7,83.4,79291.72,26481.64,,9.3,9942.86,18900.27,1803.98,121180.39,0,Normal
EMP00588,Engineering,17,95.2,61013.13,19956.9,9864.09,0.1,0.0,10976.34,2290.42,77624.56,0,Normal
EMP00751,Engineering,27,60.4,75790.18,36641.04,17550.59,13.1,0.0,12450.36,3020.58,123818.85,0,Normal
EMP00658,Sales,26,78.7,35527.62,16527.91,5995.45,12.6,0.0,4046.45,2150.18,56051.05,0,Normal
EMP00235,Engineering,26,66.0,50616.14,16614.48,8471.21,6.1,0.0,7820.68,1854.7,68921.06,0,Normal
EMP00733,Finance,7,44.1,45199.76,15897.58,9009.89,2.2,0.0,6464.21,1798.22,62777.04,0,Normal
EMP01232,Engineering,2,49.3,43845.87,15190.18,9991.66,0.1,6201.35,12040.39,1517.38,61712.4,0,Normal
EMP01369,Engineering,12,56.9,79678.52,30764.45,12494.03,0.7,0.0,15506.95,5054.85,102898.09,0,Normal
EMP00935,Engineering,6,46.5,67469.34,21328.62,9777.22,1.1,0.0,9137.18,3441.48,86692.3,0,Normal
EMP01066,Operations,21,46.4,45570.43,18655.89,6819.03,4.9,2845.38,9711.65,3468.12,62804.35,0,Normal
EMP00109,Engineering,16,48.4,46173.64,21592.23,6363.93,10.0,0.0,11452.44,2811.55,64194.59,0,Normal
EMP01623,HR,5,71.4,40222.67,16089.07,6033.4,6.5,4022.27,8044.53,2011.13,205669.87,1,net_salary_inconsistency
EMP00569,Management,7,68.0,86611.17,31305.03,16406.01,23.6,0.0,22822.01,5151.38,125511.54,0,Normal
EMP00891,Operations,22,57.3,41600.79,20781.67,8095.32,0.4,5748.52,10901.12,1068.72,64412.46,0,Normal
EMP00948,Management,11,93.8,91491.05,43460.7,13012.0,3.6,5309.38,12107.42,5323.01,138930.52,0,Normal
EMP01049,Operations,19,80.0,32495.54,12418.42,5770.91,5.3,6196.84,9195.79,2438.41,46862.13,0,Normal
EMP01133,Engineering,14,73.6,56023.82,19735.32,9680.56,1.9,5305.81,16119.05,2366.91,73257.47,0,Normal
EMP01224,Management,9,89.3,79124.26,35278.5,8163.45,0.6,0.0,16604.25,2708.26,103698.77,0,Normal
EMP00885,Operations,4,85.1,28420.64,10673.88,3880.62,15.4,0.0,5873.63,1811.25,39393.49,0,Normal
EMP01489,Sales,27,56.8,42140.57,17932.23,10034.33,5.5,3880.66,8740.97,1565.26,65854.43,0,Normal
EMP00851,Engineering,12,80.2,35709.28,11009.74,4579.55,6.7,0.0,4113.43,1385.82,48042.31,0,Normal
EMP00735,Sales,13,57.1,41204.73,17564.55,5777.79,0.1,0.0,7293.58,1330.47,55961.65,0,Normal
EMP00718,Management,13,93.0,76234.01,34260.76,15645.11,5.3,9495.22,18526.47,4735.03,116161.48,0,Normal
EMP00455,Engineering,10,46.8,52834.24,19557.32,7522.67,5.3,7685.05,11654.27,1522.2,77048.01,0,Normal
EMP00265,Operations,9,63.3,26641.53,11990.1,4898.92,4.2,0.0,6797.08,1316.28,36466.2,0,Normal
EMP00076,Operations,25,91.6,48112.93,19511.5,7941.24,0.2,0.0,11178.32,2735.92,61741.64,0,Normal
EMP00445,Operations,21,89.2,31138.05,13650.99,4682.31,11.9,0.0,3787.39,1159.62,47998.18,0,Normal
EMP00396,Management,6,53.6,86612.58,38714.54,19398.59,1.4,6239.09,13903.44,4957.15,133241.0,0,Normal
EMP00177,Finance,12,64.9,43252.57,14246.72,5571.08,27.4,4420.21,12321.07,3319.66,62960.35,0,Normal
EMP01043,Sales,11,85.1,48477.82,18248.4,6450.97,1.5,0.0,9015.74,1505.13,63338.04,0,Normal
EMP01461,Sales,10,66.4,48340.56,21185.22,11727.99,23.1,0.0,12410.98,2389.36,76922.18,0,Normal
EMP01176,HR,9,59.5,42026.44,16962.52,5003.94,0.5,5962.43,7209.36,3043.94,59899.03,0,Normal
EMP01158,Operations,21,49.5,30061.97,12607.66,3453.69,10.4,3452.34,8863.73,2147.77,41495.2,0,Normal
EMP00596,HR,3,60.9,47615.61,18026.27,6487.57,4.1,0.0,5534.72,1031.25,67393.71,0,Normal
EMP00062,Sales,9,71.0,44788.39,19031.61,6003.74,11.6,0.0,8243.66,2490.97,63959.85,0,Normal
EMP00873,Finance,19,59.3,55239.94,24328.85,5847.2,8.7,9651.11,13412.86,4336.67,81823.08,0,Normal
EMP01250,Finance,10,55.6,37369.1,13579.5,7674.11,4.8,0.0,4309.55,2421.64,53573.13,0,Normal
EMP01574,HR,4,82.6,27579.84,11031.94,4136.98,1.8,189809.12,5515.97,1378.99,226128.33,1,bonus_abuse
EMP00279,Operations,5,49.8,38927.8,17599.85,6265.92,2.5,0.0,4050.18,1585.29,58070.47,0,Normal
EMP00037,Sales,12,47.5,41823.26,20902.37,4955.52,1.8,5603.65,10789.3,1868.4,61332.87,0,Normal
EMP00663,Finance,24,95.6,47526.58,21272.43,7853.87,3.9,0.0,10032.95,1480.95,66876.67,0,Normal
EMP01552,Operations,8,96.5,32022.92,12809.17,4803.44,17.4,3202.29,-2801.49,-608.7,61471.75,1,negative_deduction
EMP01211,Sales,21,47.8,40596.92,15513.56,6027.5,7.0,0.0,5597.15,1578.46,57626.54,0,Normal
EMP00978,Engineering,2,51.9,73588.24,34238.27,7542.85,5.4,0.0,17229.41,4471.55,97393.8,0,Normal
EMP01465,Management,26,51.9,87375.73,40130.63,9229.93,1.8,0.0,19449.44,3837.5,114923.82,0,Normal
EMP00739,Sales,25,83.5,47048.28,16899.1,4985.69,2.4,0.0,8257.4,2952.5,58781.76,0,Normal
EMP00192,Operations,2,66.2,20584.16,8183.58,2912.93,0.4,2587.7,5916.48,1198.89,27230.19,0,Normal
EMP00920,Engineering,5,92.3,49597.73,20783.73,11726.62,5.6,0.0,13597.82,3839.52,67274.62,0,Normal
EMP00457,Engineering,11,91.0,58585.03,27016.07,9417.27,29.6,8891.89,8575.69,1680.18,109911.74,0,Normal
EMP00676,Management,10,51.2,86507.06,30959.83,17079.38,4.0,0.0,10753.02,5057.82,121979.44,0,Normal
EMP00761,Engineering,7,68.6,31248.4,13622.01,5178.07,0.6,3873.4,7878.09,946.54,45273.02,0,Normal
EMP01515,Finance,17,80.5,41597.48,16638.99,6239.62,15.1,4159.75,-1606.12,-706.48,76837.08,1,negative_deduction
EMP00729,Engineering,19,82.6,49313.93,18068.34,7594.79,3.5,0.0,13539.6,3669.18,59386.39,0,Normal
EMP00413,Management,19,65.1,85284.04,36792.06,20552.49,36.3,0.0,22459.47,5606.5,143585.85,0,Normal
EMP01099,Operations,14,88.7,20000.0,8701.82,3451.63,3.7,0.0,4192.48,1189.33,27465.39,0,Normal
EMP00826,Management,20,40.4,89235.54,42348.68,11021.84,5.3,0.0,19109.68,3732.68,124197.59,0,Normal
EMP00617,Engineering,4,81.9,47658.77,16435.78,7956.58,21.8,0.0,10081.19,1219.86,70490.34,0,Normal
EMP00115,Finance,26,98.2,63344.07,20950.31,15620.18,7.2,4233.67,15109.0,4421.94,88893.02,0,Normal
EMP00418,Sales,1,94.2,52482.65,24420.72,12263.68,3.0,10007.55,5334.72,1838.07,93477.88,0,Normal
EMP01599,Operations,4,79.9,37242.25,14896.9,5586.34,28.3,3724.23,7448.45,1862.11,-31010.0,1,net_salary_inconsistency
EMP00970,HR,16,81.7,43027.3,13377.75,8145.59,2.1,7226.65,5163.83,2780.94,64679.62,0,Normal
EMP00605,Engineering,13,63.5,52047.25,25750.9,10570.02,1.8,3122.53,5814.62,2612.58,83941.8,0,Normal
EMP01606,Management,9,97.8,78556.13,31422.45,11783.42,325.4,7855.61,15711.23,3927.81,349623.86,1,impossible_overtime
EMP00090,HR,5,66.7,27108.73,9039.99,5756.39,1.7,0.0,7366.8,785.62,34184.74,0,Normal
EMP00849,HR,18,84.7,42614.72,18220.13,8587.85,1.3,0.0,6018.44,934.67,62988.96,0,Normal
EMP01278,Management,16,96.0,94868.85,30959.25,21951.7,2.4,0.0,12810.61,5070.6,132033.14,0,Normal
EMP01605,Finance,10,51.2,56968.87,22787.55,8545.33,2.4,369227.5,11393.77,2848.44,444568.84,1,bonus_abuse
EMP00754,Sales,24,66.3,46507.6,20600.25,5993.62,6.8,7587.36,5949.65,1505.03,76199.01,0,Normal
EMP00499,Management,6,54.6,61882.23,19875.02,10970.18,6.1,0.0,9209.25,3173.65,83883.42,0,Normal
EMP00012,Management,1,72.6,85061.45,28712.02,17387.58,14.1,0.0,17756.79,5348.77,119299.55,0,Normal
EMP00397,Operations,29,78.4,42308.68,17189.63,7770.13,1.4,0.0,9412.1,1912.02,56499.62,0,Normal
EMP00285,Finance,26,84.5,54396.57,24690.05,7966.58,0.7,0.0,5682.28,2375.84,79352.06,0,Normal
EMP01067,Engineering,1,57.6,72035.24,28455.21,9886.34,1.7,10536.33,8319.87,2698.45,111042.86,0,Normal
EMP00691,Sales,8,79.3,36183.95,16777.63,4229.02,13.0,4238.72,9848.77,1319.79,54670.68,0,Normal
EMP01493,Engineering,19,94.6,61129.51,29557.92,14778.21,1.2,0.0,7889.27,3145.55,95118.53,0,Normal
EMP01571,Operations,16,49.1,26670.36,10668.14,4000.55,21.8,2667.04,5334.07,1333.52,-21394.63,1,net_salary_inconsistency
EMP00690,Engineering,3,96.5,60126.33,18232.71,12419.26,1.0,0.0,12804.66,3319.29,75218.03,0,Normal
EMP00852,Operations,23,78.6,28898.2,11548.47,4206.43,10.0,0.0,6909.02,1731.14,38722.15,0,Normal
EMP00160,Operations,1,68.1,33504.23,11038.14,6001.89,52.3,0.0,7146.23,1859.49,57966.08,0,Normal
EMP00896,Engineering,1,79.4,45168.91,21529.97,10859.8,1.7,0.0,5526.87,1785.44,70966.25,0,Normal
EMP01326,Sales,1,69.4,49736.29,18473.97,9769.25,17.0,2996.72,7295.27,1113.51,80494.17,0,Normal
EMP00258,Finance,21,87.0,52954.52,25143.56,9152.93,6.2,0.0,12012.5,1699.96,76616.53,0,Normal
EMP00336,Engineering,13,78.7,79073.11,34452.16,19566.01,10.9,0.0,14069.1,2809.73,124292.73,0,Normal
EMP01575,HR,20,97.8,42938.59,17175.44,6440.79,8.0,4293.86,-2137.11,-733.23,76939.41,1,negative_deduction
EMP01040,Sales,11,70.4,46390.85,20266.44,8973.99,2.0,0.0,11656.46,1887.76,62956.89,0,Normal
EMP00516,Engineering,9,94.5,51132.15,22820.14,8982.66,1.8,6895.82,12839.23,3488.5,74365.9,0,Normal
EMP01016,Management,14,44.7,117611.7,36957.26,22819.07,1.5,0.0,16858.15,3486.36,158697.43,0,Normal
EMP00769,Sales,27,57.6,51908.64,21733.75,6625.48,5.3,2902.62,8509.36,3074.44,74165.9,0,Normal
EMP01469,Operations,4,63.3,31455.65,12878.23,4292.71,1.4,0.0,5300.9,1375.83,42362.72,0,Normal
EMP00762,Sales,1,92.0,48731.19,23838.56,7375.92,2.6,0.0,9605.56,2626.17,68901.76,0,Normal
EMP01230,Sales,16,40.9,51317.24,22017.34,10843.3,37.0,0.0,7045.97,2291.52,92641.06,0,Normal
EMP01665,Engineering,10,63.2,54958.76,21983.5,8243.81,27.0,5495.88,10991.75,2747.94,-45426.85,1,net_salary_inconsistency
EMP00522,Sales,26,91.6,41782.24,17844.48,10238.54,3.5,7127.33,11009.89,1614.92,65738.76,0,Normal
EMP00023,Sales,8,93.7,50264.85,15471.31,5217.61,2.6,5997.66,13262.19,3896.08,61018.37,0,Normal
EMP00357,Engineering,7,86.6,73161.4,35636.69,9160.03,14.1,11494.61,18507.61,5430.39,115185.75,0,Normal
EMP01417,Engineering,16,53.8,72570.13,29834.3,15553.82,16.9,,10361.89,2997.73,116096.46,0,Normal
EMP00341,HR,5,88.4,43448.53,19456.83,9570.67,21.3,2189.58,11093.63,1340.75,70907.36,0,Normal
EMP00432,Operations,6,78.4,20000.0,6413.06,3817.69,3.0,0.0,2527.35,977.26,27288.64,0,Normal
EMP00474,Operations,25,74.9,43239.69,18885.94,4364.08,27.5,0.0,7813.61,1567.15,68256.68,0,Normal
EMP00218,Operations,8,84.4,43319.24,20444.9,5890.25,0.7,3036.3,9686.51,3003.99,60284.47,0,Normal
EMP00912,Sales,22,87.0,53125.18,19529.71,6476.73,0.8,9271.8,11109.14,3264.82,74427.9,0,Normal
EMP01343,Operations,24,88.6,32349.53,15011.82,5186.89,6.2,0.0,5511.24,2543.6,46373.72,0,Normal
EMP01012,Management,14,65.1,78632.88,36786.77,15757.26,4.1,9983.26,14573.41,6148.74,123460.47,0,Normal
EMP01635,Finance,28,67.4,0.0,5582.18,2278.93,0.0,13623.52,0.0,0.0,21484.63,1,ghost_employee
EMP00094,Finance,21,45.2,54114.62,23254.56,11494.24,3.4,5479.47,14642.94,2020.27,79404.58,0,Normal
EMP01009,Engineering,7,41.7,52191.76,20998.91,8473.03,1.0,0.0,13837.17,2477.78,65838.05,0,Normal
EMP01071,Sales,15,50.9,35838.33,13259.74,7264.74,1.9,3335.58,9262.22,1437.22,49637.32,0,Normal
EMP01093,Finance,23,60.1,34037.07,13041.77,7333.62,2.0,0.0,6882.33,2703.7,45464.63,0,Normal
EMP00697,Sales,7,89.6,54532.19,24707.04,7609.02,9.0,0.0,14939.3,1726.47,74783.63,0,Normal
EMP01503,Finance,6,55.1,377299.29,150919.72,56594.89,18.5,56594.89,75459.86,18864.96,612521.82,1,salary_spike
EMP00997,Management,21,80.9,73246.47,33161.49,7406.64,6.2,0.0,19177.44,3030.21,95864.4,0,Normal
EMP00154,HR,27,75.6,41904.67,14338.04,9583.19,1.4,0.0,12177.63,2356.9,51841.37,0,Normal
EMP01100,Sales,25,49.4,43790.53,16605.38,,3.9,0.0,8346.6,2402.67,61522.3,0,Normal
EMP01448,Operations,16,93.6,20000.0,8047.12,2808.32,4.5,0.0,3255.52,609.29,27834.38,0,Normal
EMP01678,Engineering,18,66.7,47297.85,18919.14,7094.68,331.8,4729.78,9459.57,2364.89,213342.86,1,impossible_overtime
EMP00790,Management,3,83.3,79074.91,23926.45,9447.76,13.8,0.0,17533.87,1877.16,103268.41,0,Normal
EMP00581,HR,4,69.2,37268.86,16112.96,5671.33,1.2,0.0,10405.68,1925.85,47140.89,0,Normal
EMP00704,Engineering,25,71.8,34017.62,15967.1,8373.98,1.6,6262.92,8534.18,2056.92,54540.78,0,Normal
EMP01213,Engineering,17,48.7,56920.22,28193.28,10402.56,19.9,0.0,5964.8,4446.59,95723.85,0,Normal
EMP01403,Engineering,2,63.4,43894.9,19369.7,6384.95,0.9,5371.32,9750.31,2876.25,62764.67,0,Normal
EMP00488,Sales,2,86.5,50871.57,24809.88,9194.17,12.2,0.0,11167.62,2627.56,76898.88,0,Normal
EMP00560,Finance,9,78.5,45209.65,13795.9,8430.77,0.3,2883.36,7821.68,1876.29,60748.86,0,Normal
EMP01142,Sales,2,94.1,33017.45,10063.37,3662.78,3.2,0.0,9045.54,2237.95,36450.63,0,Normal
EMP01120,Engineering,2,62.4,60551.1,27154.4,6182.4,9.1,0.0,13191.32,4813.23,81049.12,0,Normal
EMP00802,Engineering,2,64.5,58426.65,18637.7,13155.85,4.9,5941.07,15577.21,1829.69,81438.34,0,Normal
EMP00513,Management,15,85.8,72948.35,30011.54,,11.7,0.0,10618.37,3851.0,112649.87,0,Normal
EMP00634,HR,11,98.6,42699.38,14187.87,8316.06,7.8,3525.73,12804.14,964.7,58082.59,0,Normal
EMP01670,Management,10,54.4,293758.29,117503.32,44063.74,6.0,44063.74,58751.66,14687.91,442473.42,1,salary_spike
EMP01499,Sales,15,77.7,43546.55,15796.1,7329.75,3.0,2737.84,9655.92,2762.06,58217.01,0,Normal
EMP01151,Operations,4,75.4,32434.66,13112.53,3887.96,2.7,4639.51,3714.95,1557.5,49623.21,0,Normal
EMP00791,Engineering,17,88.9,33723.61,13761.25,6792.93,5.8,0.0,9781.76,1037.73,45292.02,0,Normal
EMP00117,Operations,16,69.1,53554.64,19033.45,10683.97,7.8,0.0,14767.13,1777.21,70643.9,0,Normal
EMP00741,HR,22,43.6,42878.68,21141.79,9881.58,0.2,0.0,7301.74,1853.78,64826.93,0,Normal
EMP01082,Engineering,22,95.0,62012.96,28515.52,6267.26,2.4,0.0,9580.34,3384.28,85226.41,0,Normal
EMP00831,Engineering,29,47.8,64604.91,19713.41,10801.67,1.1,0.0,12459.27,5152.85,78174.11,0,Normal
EMP00120,HR,2,75.4,35836.18,14999.88,4406.84,5.4,0.0,5116.25,1171.55,50769.31,0,Normal
EMP00657,Sales,2,69.3,22633.66,9833.8,4457.95,25.7,4218.82,3242.19,1747.26,41608.08,0,Normal
EMP01596,Engineering,20,,45938.51,18375.4,6890.78,11.7,4593.85,-3229.36,-657.33,84724.11,1,negative_deduction
EMP00636,Sales,14,43.5,35232.28,16245.13,3793.63,1.7,3521.0,9755.79,740.95,48856.81,0,Normal
EMP00370,Engineering,12,46.0,41564.59,16384.43,4202.3,6.6,0.0,8397.84,1998.58,54326.71,0,Normal
EMP00269,Sales,23,46.2,40008.72,12752.99,9784.24,8.2,0.0,8507.44,2525.64,54588.54,0,Normal
EMP00656,Engineering,3,40.7,44305.69,15423.09,8267.58,13.6,0.0,4588.99,3190.56,65865.79,0,Normal
EMP00936,Sales,17,65.7,41318.12,20159.68,4752.54,4.5,7151.92,7136.7,1355.52,66633.15,0,Normal
EMP00823,Sales,20,62.5,36359.54,15950.37,4435.58,5.6,2748.2,6027.29,2810.39,52564.89,0,Normal
EMP00867,Engineering,14,53.2,76606.13,28476.36,15196.6,0.4,13718.38,12360.75,5335.37,116588.62,0,Normal
EMP00047,Sales,17,75.6,35682.07,10864.66,6429.33,15.5,0.0,5013.06,1171.72,51976.33,0,Normal
EMP01439,Engineering,20,43.4,69400.95,32219.39,10920.55,1.0,0.0,19576.77,4711.7,88903.05,0,Normal
EMP00992,Finance,12,95.8,68276.17,29026.26,6915.89,23.3,7274.31,11699.75,5451.37,109255.59,0,Normal
EMP00877,Operations,24,74.2,38139.33,17210.4,8575.96,1.0,0.0,6159.21,1102.11,57021.93,0,Normal
EMP00774,Sales,9,84.4,41046.46,16883.05,4406.37,1.1,0.0,7393.76,984.68,54380.73,0,Normal
EMP01220,Sales,2,90.2,44342.52,21866.53,7479.02,9.0,4357.12,6996.49,943.76,73846.34,0,Normal
EMP01680,Finance,26,79.4,151258.46,60503.38,22688.77,8.0,22688.77,30251.69,7562.92,230669.15,1,salary_spike
EMP00005,Engineering,12,78.6,67270.85,23123.89,10582.95,8.7,0.0,7612.94,1547.81,97303.72,0,Normal
EMP01004,Operations,26,77.3,44121.19,14864.07,8306.46,18.5,0.0,9968.5,2143.8,62831.69,0,Normal
EMP01451,HR,19,46.2,42560.65,20507.44,8875.18,2.3,0.0,7828.22,1512.6,63520.16,0,Normal
EMP00264,HR,6,76.5,32125.53,13668.31,7318.43,9.6,3463.79,8682.13,2065.4,48719.83,0,Normal
EMP01320,Engineering,15,52.5,63315.02,23972.61,13954.92,11.7,0.0,15374.43,1947.65,90865.34,0,Normal
EMP01534,Management,28,77.6,266065.98,106426.39,39909.9,22.9,39909.9,53213.2,13303.3,442916.71,1,salary_spike
EMP00444,Sales,28,56.2,34807.27,10809.5,8148.04,3.0,0.0,3953.59,1942.24,48847.93,0,Normal
EMP01003,Operations,13,82.5,38985.77,12969.53,8653.72,1.7,0.0,8801.0,2680.04,49749.32,0,Normal
EMP01078,Finance,20,53.6,39506.67,15007.26,9161.95,8.3,0.0,10742.08,2579.62,53428.29,0,Normal
EMP00838,Sales,7,94.7,34063.13,16782.77,4695.55,1.0,3345.66,5760.63,2367.26,51078.56,0,Normal
EMP01595,Sales,5,87.8,314671.06,125868.42,47200.66,18.7,47200.66,62934.21,15733.55,511438.81,1,salary_spike
EMP00305,Operations,9,55.1,30355.81,10548.51,4973.07,3.4,0.0,8155.59,737.9,37951.49,0,Normal
EMP01309,Sales,18,41.8,48149.96,18371.89,8512.47,5.8,2508.48,11212.93,3771.86,65176.16,0,Normal
EMP00314,Management,25,70.2,80264.39,30373.55,19021.41,6.0,7973.3,8520.65,2789.16,130837.71,0,Normal
EMP00150,Sales,17,87.9,46272.28,22562.04,6096.92,2.1,0.0,13179.07,2126.61,60536.55,0,Normal
EMP01149,Operations,26,61.9,39276.05,16107.35,6607.94,7.5,5775.23,5582.54,894.76,64050.87,0,Normal
EMP01214,Operations,16,52.3,39014.26,16741.82,5988.06,9.8,6771.26,9864.53,2353.69,59881.62,0,Normal
EMP00575,Operations,8,44.8,41399.54,18690.09,6998.56,13.4,7898.53,6592.92,1530.02,72064.6,0,Normal
EMP00051,Management,4,66.0,57610.46,20887.0,8594.08,3.9,0.0,6986.86,1540.08,80670.98,0,Normal
EMP01306,Operations,25,40.3,42098.33,20032.74,8161.86,6.6,0.0,11614.23,907.54,60375.99,0,Normal
EMP00727,Engineering,17,81.2,45284.76,17919.44,4977.17,9.4,0.0,7573.06,1367.16,63231.87,0,Normal
EMP00834,Engineering,21,71.6,63499.65,26887.1,9133.62,23.5,0.0,7491.41,1978.27,104040.46,0,Normal
EMP01116,Finance,15,46.8,38055.92,15007.28,3902.46,1.2,0.0,3834.1,779.62,52780.07,0,Normal
EMP01167,Operations,8,99.1,26266.39,9176.73,5734.93,2.0,,6603.43,1145.76,33921.35,0,Normal
EMP00471,Engineering,8,49.5,60816.79,29588.04,9136.61,3.7,0.0,9884.63,4569.23,87197.16,0,Normal
EMP00972,Management,4,72.7,80353.1,38608.11,12988.39,2.5,0.0,20544.61,3101.71,110186.56,0,Normal
EMP00654,Operations,25,53.7,42174.71,14592.4,8290.97,11.0,0.0,11425.68,3316.24,54665.43,0,Normal
EMP00400,Operations,13,75.6,32831.01,11818.78,5807.55,18.9,2698.17,9159.27,1731.58,48081.9,0,Normal
EMP00512,Sales,21,87.7,38698.58,18415.34,5855.5,1.7,4095.73,7484.05,2321.08,57876.78,0,Normal
EMP00321,HR,9,90.9,43056.67,20918.18,,3.7,3996.9,5086.39,2513.52,70540.97,0,Normal
EMP00020,Sales,11,72.0,32067.7,15259.0,7457.43,7.9,0.0,7661.24,1037.0,48460.9,0,Normal
EMP00685,Management,12,52.0,82877.42,40351.9,11520.56,16.8,0.0,11276.14,6270.36,130256.57,0,Normal
EMP00036,Operations,16,98.2,38523.8,12288.46,6648.4,17.1,3625.11,8388.63,1991.04,56881.95,0,Normal
EMP00903,Engineering,27,90.6,59685.58,27619.18,8367.89,5.3,0.0,6090.72,4627.26,87920.3,0,Normal
EMP00828,Sales,10,61.8,46645.6,20806.26,8818.48,1.6,8549.97,13322.07,2524.89,69673.03,0,Normal
EMP01506,HR,8,61.9,43778.13,17511.25,6566.72,8.0,4377.81,8755.63,2188.91,226004.55,1,net_salary_inconsistency
EMP00408,Engineering,7,51.2,61191.27,27328.02,13278.95,1.4,0.0,7511.38,2604.84,92485.16,0,Normal
EMP00921,Operations,11,58.5,35004.22,16605.4,4916.15,6.3,0.0,9591.9,2546.34,46454.97,0,Normal
EMP00538,Engineering,2,95.0,46867.06,16414.43,6427.57,8.2,0.0,8634.71,3321.35,61355.91,0,Normal
EMP00759,Operations,20,70.1,33654.85,15428.67,3611.67,4.2,2051.1,4143.29,885.0,51043.16,0,Normal
EMP01063,Operations,14,56.0,40953.54,13752.46,7870.24,8.7,2683.95,7911.17,1463.98,59225.31,0,Normal
EMP01200,Engineering,22,56.6,59903.83,28722.52,13124.53,18.0,0.0,11122.26,2740.17,97997.22,0,Normal
EMP00246,Management,23,69.1,66377.69,21811.72,15250.98,11.6,5770.92,9418.81,1466.88,105544.19,0,Normal
EMP01128,Sales,9,87.6,39736.15,18248.78,6947.67,6.7,0.0,4273.89,1856.71,61297.93,0,Normal
EMP00785,Engineering,19,51.0,62458.86,20214.42,13194.6,11.8,11448.96,10732.85,2234.08,101259.42,0,Normal
EMP00490,Operations,13,40.6,55716.51,17570.79,8961.82,3.2,6808.97,7058.04,1809.3,81862.25,0,Normal
EMP00155,Management,28,64.0,80186.35,27734.3,16040.41,2.0,0.0,19289.35,1866.13,104309.07,0,Normal
EMP00962,Finance,25,63.7,58630.65,29110.37,6484.81,10.7,4978.3,16838.2,2213.87,86033.45,0,Normal
EMP00854,Operations,1,41.3,27480.78,9630.98,3341.12,19.5,0.0,4459.61,1143.82,39873.28,0,Normal
EMP00626,Sales,11,87.0,28882.04,9884.16,6145.22,2.2,2852.68,4584.6,1476.0,42299.19,0,Normal
EMP00686,Finance,16,93.3,38695.57,16941.6,6104.56,6.0,4605.97,9473.73,1719.63,57330.97,0,Normal
EMP00570,Sales,25,78.2,58543.65,23961.43,12349.03,5.2,3880.92,11799.87,3691.96,86097.2,0,Normal
EMP01597,Operations,8,75.2,180280.26,72112.1,27042.04,29.3,27042.04,36056.05,9014.01,310927.11,1,salary_spike
EMP00018,HR,20,73.0,37311.62,13130.53,4739.46,2.3,0.0,8210.07,1842.21,45933.86,0,Normal
EMP00128,Operations,25,58.5,39063.93,18617.2,7706.13,2.0,3003.12,7658.62,1095.91,60368.3,0,Normal
EMP01280,HR,16,82.0,26753.96,11996.36,3350.07,9.3,0.0,6145.37,1518.86,36768.77,0,Normal
EMP01652,Operations,26,47.1,20000.0,8000.0,3000.0,8.1,2000.0,-1778.13,-123.45,36420.33,1,negative_deduction
EMP00928,HR,2,88.3,36965.54,17802.74,8774.59,5.4,0.0,5048.71,742.27,59623.27,0,Normal
EMP00981,Sales,26,88.8,43482.85,20000.23,5727.82,4.9,0.0,12201.3,2278.37,56728.72,0,Normal
EMP01648,Management,6,40.2,93701.46,37480.58,14055.22,21.6,9370.15,18740.29,4685.07,-75078.3,1,net_salary_inconsistency
EMP00191,Engineering,22,93.4,40958.64,14529.18,6785.11,3.6,2704.83,9005.82,2497.57,54856.72,0,Normal
EMP01140,Finance,6,88.2,33466.12,11951.59,8177.47,23.4,3840.57,9557.72,2536.7,52682.96,0,Normal
EMP00993,Sales,9,47.1,42187.98,17479.39,4345.19,1.8,0.0,10903.2,3052.65,50768.63,0,Normal
EMP01640,Operations,24,43.7,30445.11,12178.04,4566.77,7.5,116581.96,6089.02,1522.26,158301.27,1,bonus_abuse
EMP01394,HR,18,78.7,40727.3,20272.75,5389.01,1.7,6373.18,10780.13,1949.93,60681.27,0,Normal
EMP00607,Engineering,24,68.7,81051.31,28777.09,8845.6,0.5,0.0,24292.06,5584.47,89177.4,0,Normal
EMP00181,Sales,15,76.4,43445.17,13752.45,7536.34,6.6,0.0,4694.49,2447.45,60280.19,0,Normal
EMP00302,HR,16,50.7,29429.91,9774.73,3518.43,10.9,0.0,4171.67,1927.86,39630.91,0,Normal
EMP00497,Finance,4,44.4,51853.07,19428.91,9414.86,25.3,9851.64,13050.96,2655.16,87141.26,0,Normal
EMP01449,Management,4,97.9,96147.19,43640.11,13617.17,2.1,0.0,22771.69,5321.01,127204.67,0,Normal
EMP01399,Finance,17,63.6,53606.03,21854.05,12135.37,8.6,0.0,13689.17,3614.95,74613.32,0,Normal
EMP01379,Sales,21,92.5,30788.54,10669.64,6574.56,5.0,0.0,3636.65,791.14,45048.16,0,Normal
EMP00518,Operations,19,91.5,47170.53,16230.87,4781.35,5.0,0.0,11213.65,2326.15,56854.07,0,Normal
EMP01070,Sales,23,48.2,51067.62,18186.21,10718.68,18.2,0.0,7002.43,3962.63,77720.86,0,Normal
EMP00477,Engineering,5,46.5,43538.53,17202.91,4950.28,1.0,4097.23,7689.48,2059.4,60448.24,0,Normal
EMP00158,Operations,29,85.0,32558.2,10424.99,6768.42,1.7,0.0,6410.53,1440.41,42419.57,0,Normal
EMP01244,Operations,1,55.1,32826.76,12321.04,7929.79,1.9,,4503.53,1489.71,47669.08,0,Normal
EMP01196,Operations,22,42.2,37090.0,13257.61,5563.31,8.7,0.0,9591.43,1534.97,47809.67,0,Normal
EMP00017,Sales,21,43.2,26763.39,8195.75,5891.71,0.2,0.0,4749.38,1339.38,34812.27,0,Normal
EMP01073,Engineering,21,76.9,31358.75,15632.43,4260.08,2.6,0.0,3721.86,2236.66,46057.11,0,Normal
EMP01655,Sales,17,77.3,176284.36,70513.74,26442.65,20.8,26442.65,35256.87,8814.22,289987.76,1,salary_spike
EMP00547,Engineering,25,72.6,63070.88,19001.73,13274.59,1.8,0.0,7224.93,5031.09,84155.5,0,Normal
EMP00659,Finance,17,95.1,47677.57,20721.55,8548.88,7.4,0.0,10206.68,2523.87,67525.08,0,Normal
EMP01367,Operations,29,47.7,38360.76,17063.09,7024.43,0.0,0.0,4690.1,2968.8,54789.38,0,Normal
EMP01020,Engineering,29,40.0,55081.6,22670.19,9522.66,3.1,0.0,6732.04,2121.55,80021.67,0,Normal
EMP01400,Operations,24,92.8,42394.16,21130.4,7424.55,7.8,6130.91,7388.6,2094.56,70696.93,0,Normal
EMP00960,Operations,7,83.7,33471.78,16404.74,5160.76,1.7,2890.17,5291.76,771.01,52398.14,0,Normal
EMP01577,Management,29,66.9,70458.39,28183.36,10568.76,2.8,7045.84,14091.68,3522.92,10049.13,1,net_salary_inconsistency
EMP00284,Engineering,28,81.7,39438.02,19715.52,4720.46,15.7,3158.69,10681.93,2958.75,59196.79,0,Normal
EMP00798,Finance,25,73.2,84515.23,31777.37,15788.58,9.6,0.0,21891.82,2192.61,115603.12,0,Normal
EMP01564,HR,22,61.4,196904.14,78761.66,29535.62,18.8,29535.62,39380.83,9845.21,320215.35,1,salary_spike
EMP00226,Engineering,6,84.3,58591.51,19633.92,6322.7,2.9,0.0,15169.95,3417.17,67553.97,0,Normal
EMP00027,Engineering,19,45.7,43210.15,20638.19,8273.53,11.1,0.0,11532.39,2584.29,62501.75,0,Normal
EMP01487,Sales,28,94.6,38665.43,17594.58,4084.2,12.5,0.0,5820.54,3058.46,55996.31,0,Normal
EMP00438,Operations,11,94.7,51459.96,25560.86,12041.41,5.0,7789.58,6340.42,1192.3,91731.28,0,Normal
EMP01634,Operations,2,48.3,31616.57,12646.63,4742.49,1.2,3161.66,6323.31,1580.83,156166.15,1,net_salary_inconsistency
EMP00230,Finance,21,70.7,41712.4,17892.5,6911.12,2.5,0.0,6795.1,912.98,59785.57,0,Normal
EMP00038,Engineering,17,49.6,61629.88,22515.11,9007.32,16.5,0.0,14251.79,2226.55,86207.34,0,Normal
EMP00750,Finance,14,67.5,51572.37,18988.52,11646.38,19.1,0.0,13262.17,2646.92,75532.86,0,Normal
EMP01046,Finance,25,64.2,55196.47,16605.17,13191.28,4.7,0.0,12179.74,1815.94,73429.33,0,Normal
EMP00470,Management,4,57.9,95349.93,34388.64,23046.66,1.4,0.0,20325.13,5663.53,128048.04,0,Normal
EMP01425,Management,5,54.0,99736.45,32051.32,,6.4,0.0,18500.12,3495.59,127886.03,0,Normal
EMP01651,Engineering,21,43.2,51313.87,20525.55,7697.08,258.6,5131.39,10262.77,2565.69,196243.49,1,impossible_overtime
EMP00688,Sales,28,40.8,34204.43,14066.16,6552.08,5.3,0.0,8066.29,1872.8,46583.11,0,Normal
EMP01543,Management,13,51.3,0.0,12068.55,9109.35,0.0,28732.22,0.0,0.0,49910.12,1,ghost_employee
EMP00640,Sales,25,,42191.8,14920.49,5369.52,3.8,0.0,11311.93,2588.44,50084.52,0,Normal
EMP01443,Finance,10,78.5,43011.01,15027.71,7694.33,2.4,7159.56,5784.09,1612.89,66463.38,0,Normal
EMP01219,Finance,1,46.3,45451.88,19922.98,6205.09,6.1,5884.48,5220.88,1714.56,73128.27,0,Normal
EMP01159,Operations,1,94.2,30533.59,14107.5,3468.86,3.5,0.0,5737.22,1633.44,41741.17,0,Normal
EMP01393,Engineering,23,92.3,77451.58,30372.38,17460.97,17.8,0.0,16009.38,2403.85,119796.43,0,Normal
EMP01301,Engineering,4,40.5,55911.46,17952.07,9007.96,8.2,0.0,15217.48,2607.02,69345.18,0,Normal
EMP01527,Management,26,47.4,83503.66,33401.46,12525.55,0.7,8350.37,-1942.64,-347.11,140618.78,1,negative_deduction
EMP00801,Operations,16,,34560.85,12029.24,7101.96,15.7,0.0,7425.54,1511.7,49841.73,0,Normal
EMP00161,Sales,9,91.7,42509.85,21026.02,5901.88,0.2,0.0,5521.05,882.48,63113.93,0,Normal
EMP00957,HR,16,54.2,36399.8,15813.9,7508.83,5.3,7037.65,6816.6,1975.95,59776.25,0,Normal
EMP01187,Finance,5,70.2,44732.79,14795.67,8067.71,8.7,6099.67,10291.81,3072.13,63980.42,0,Normal
EMP00822,Engineering,11,43.4,38444.58,15981.36,9102.44,3.8,6966.36,9451.73,2926.01,59486.59,0,Normal
EMP01416,Management,5,63.9,59984.59,20240.29,11061.06,0.3,0.0,17873.82,1248.92,72331.91,0,Normal
EMP00878,Finance,10,92.7,44401.4,17353.7,11044.57,6.1,4339.18,13186.66,2758.31,63733.09,0,Normal
EMP00914,Sales,25,80.9,43775.84,16562.52,5920.89,7.5,5015.1,10314.12,3118.63,60919.59,0,Normal
EMP00153,Engineering,19,99.3,71682.49,22523.14,13186.83,31.6,0.0,12872.43,3262.88,112493.09,0,Normal
EMP01538,Engineering,14,70.3,48188.5,19275.4,7228.27,21.0,4818.85,9637.7,2409.43,-38475.5,1,net_salary_inconsistency
EMP00510,Operations,19,69.3,39373.87,15113.13,8626.9,4.6,0.0,7482.01,1815.16,55514.73,0,Normal
EMP01136,Engineering,21,83.8,61270.17,24676.04,7711.34,14.3,0.0,7107.74,3638.52,91125.32,0,Normal
EMP01251,Operations,18,72.8,41550.22,19186.45,8261.65,3.1,0.0,8085.96,1104.89,61015.02,0,Normal
EMP01488,Finance,4,67.0,34538.76,12728.16,6402.95,2.8,5838.39,5714.03,890.24,53810.63,0,Normal
EMP00104,HR,18,64.4,31555.28,10537.75,5177.14,11.6,0.0,4383.78,1777.32,44540.71,0,Normal
EMP00587,Engineering,20,90.9,66702.37,33013.55,8806.81,4.7,0.0,7003.36,3798.74,100659.7,0,Normal
EMP01520,Sales,12,87.4,52392.54,20957.02,7858.88,0.8,5239.25,-2442.95,-444.03,89727.61,1,negative_deduction
EMP01144,Finance,27,96.5,52752.2,25758.63,7278.74,21.3,0.0,15606.72,2930.89,77785.92,0,Normal
EMP00054,Operations,1,46.3,42159.4,12769.08,6358.63,5.6,0.0,6533.93,1770.7,55195.85,0,Normal
EMP00152,Engineering,11,61.9,64813.2,24442.32,9612.45,10.4,0.0,18552.99,5132.0,81502.27,0,Normal
EMP00404,Operations,28,80.2,42072.36,13602.69,6131.44,3.2,0.0,6432.8,1748.1,54887.76,0,Normal
EMP01629,Sales,29,54.2,45429.59,18171.84,6814.44,4.3,4542.96,9085.92,2271.48,229014.84,1,net_salary_inconsistency
EMP00208,Finance,21,,39734.05,19783.2,4482.42,17.0,0.0,4335.38,1084.94,64911.96,0,Normal
EMP01602,Sales,3,54.2,231487.04,92594.82,34723.06,10.3,34723.06,46297.41,11574.35,358009.19,1,salary_spike
EMP01123,Operations,20,96.1,44552.88,20318.01,8905.77,7.3,0.0,11358.5,1525.44,63941.81,0,Normal
EMP01471,Finance,7,90.1,53262.33,19998.55,6670.33,7.4,,7332.59,4142.67,72151.02,0,Normal
EMP00009,Finance,8,74.4,56542.3,26178.4,8197.76,1.9,0.0,15947.44,4224.01,71754.17,0,Normal
EMP01015,Operations,10,73.0,28318.86,8847.05,3699.53,4.5,0.0,5610.59,708.78,35740.77,0,Normal
EMP01505,Operations,22,82.1,33554.9,13421.96,5033.23,0.3,3355.49,6710.98,1677.75,-23535.61,1,net_salary_inconsistency
EMP01061,Operations,7,90.2,32133.28,11162.61,6957.6,0.8,0.0,3239.85,1310.71,45943.93,0,Normal
EMP00453,Sales,13,85.7,49947.99,23182.82,6064.79,15.7,0.0,8552.88,2278.53,75715.91,0,Normal
EMP00254,Sales,25,67.1,61485.02,20599.0,8748.57,10.3,0.0,11550.62,3555.39,81663.73,0,Normal
EMP01328,Operations,24,46.6,34636.71,13997.0,8334.36,7.2,0.0,7542.45,1043.06,50720.54,0,Normal
EMP00897,Sales,3,76.6,37714.01,14443.15,9093.32,8.9,0.0,8035.26,2266.39,54095.59,0,Normal
EMP01459,Engineering,1,57.9,60487.36,24733.95,6787.96,4.8,9352.51,8480.01,3383.63,92220.07,0,Normal
EMP00881,Engineering,2,74.5,46663.44,16340.41,9386.07,8.8,3453.61,4718.55,1874.22,73100.49,0,Normal
EMP01581,Management,6,,716846.23,286738.49,107526.93,19.4,107526.93,143369.25,35842.31,1169803.43,1,salary_spike
EMP00624,HR,23,85.4,43320.39,20539.83,,0.3,7467.27,8512.79,930.49,72284.45,0,Normal
EMP00346,Finance,17,72.1,45014.49,19950.87,5978.63,2.1,0.0,10897.0,1352.99,59580.22,0,Normal
EMP01609,HR,12,82.0,45037.28,18014.91,6755.59,4.5,4503.73,-3297.77,-630.76,80140.05,1,negative_deduction
EMP00263,Engineering,29,90.1,50620.57,23210.49,7668.58,6.5,0.0,9597.08,2759.16,72228.09,0,Normal
EMP01322,Engineering,20,99.2,75632.53,22851.85,10935.11,3.0,4589.46,16851.59,5977.3,93307.23,0,Normal
EMP00151,Management,16,87.2,79549.51,25218.84,8450.12,14.9,0.0,18621.2,3825.14,101884.2,0,Normal
EMP00473,Engineering,26,51.8,47277.4,23012.27,11178.24,1.4,0.0,12851.72,1491.16,67745.55,0,Normal
EMP00641,Engineering,11,90.1,77814.29,28963.64,13665.74,6.1,4265.5,21529.16,6134.29,101495.72,0,Normal
EMP01664,Sales,11,51.9,45747.16,18298.86,6862.07,4.4,4574.72,-3342.1,-444.21,81156.19,1,negative_deduction
EMP01578,Operations,7,48.6,0.0,7516.17,2364.58,0.0,46086.17,0.0,0.0,55966.92,1,ghost_employee
EMP00551,HR,24,51.4,45749.56,20389.4,7000.64,3.8,0.0,13043.61,1978.85,59746.97,0,Normal
EMP00929,Finance,19,83.9,45014.27,17072.22,7896.91,1.4,0.0,8735.01,1774.96,60064.24,0,Normal
EMP00489,Management,26,70.8,101372.95,43829.16,18246.98,0.2,18191.81,26342.08,4060.28,151428.61,0,Normal
EMP01519,Finance,19,65.5,52895.35,21158.14,7934.3,308.5,5289.53,10579.07,2644.77,227036.75,1,impossible_overtime
EMP01172,Management,9,88.0,78711.21,33301.47,18186.36,3.5,0.0,21269.22,5352.11,106160.42,0,Normal
EMP00147,Finance,18,61.5,50309.99,24906.9,9071.0,14.9,0.0,14693.06,1482.2,75140.31,0,Normal
EMP01616,Management,1,67.0,98098.11,39239.24,14714.72,17.9,634017.55,19619.62,4904.91,778007.18,1,bonus_abuse
EMP00403,HR,5,73.5,21030.32,7000.6,4809.19,17.0,0.0,6025.95,797.97,29367.9,0,Normal
EMP00955,Sales,19,48.6,48667.42,20251.93,11020.34,2.3,6469.18,13842.29,2963.46,70652.51,0,Normal
EMP01573,Engineering,18,80.8,56718.43,22687.37,8507.76,11.6,253826.52,11343.69,2835.92,333728.6,1,bonus_abuse
EMP00660,Finance,9,62.9,39141.03,18195.49,4115.93,5.4,2850.33,9835.96,791.07,55657.26,0,Normal
EMP01373,Operations,1,52.2,39444.1,14790.16,9073.06,8.8,0.0,6577.03,1176.16,58808.27,0,Normal
EMP00464,Finance,3,55.5,42650.42,14682.31,7530.74,4.2,0.0,4500.74,1136.42,60905.67,0,Normal
EMP01350,Engineering,12,61.6,39130.5,14250.19,8627.32,24.7,2176.96,7379.0,1279.22,64587.91,0,Normal
EMP00187,Operations,18,52.0,20000.0,8322.8,2557.33,7.0,0.0,4618.49,747.29,26826.85,0,Normal
EMP01148,Finance,25,59.4,47984.84,20400.1,8410.8,1.0,5584.17,12932.98,3062.99,66833.8,0,Normal
EMP01225,Sales,13,86.7,42295.17,17553.01,6887.34,1.7,0.0,6539.08,1442.34,59428.18,0,Normal
EMP00609,HR,17,62.9,38862.43,13768.9,3943.53,6.3,0.0,9350.03,3067.64,46452.5,0,Normal
EMP00144,Sales,13,50.5,35198.29,10998.72,5791.95,9.2,2606.31,6032.87,2528.55,49069.7,0,Normal
EMP00752,Management,15,68.1,120163.4,45820.48,16399.54,0.5,17049.86,12917.28,6314.2,180765.07,0,Normal
EMP00982,Operations,11,58.3,35407.1,14550.1,7449.84,5.1,0.0,9305.47,1127.9,48666.57,0,Normal
EMP00198,Operations,10,45.6,38134.43,14633.0,5688.99,6.9,4961.45,10014.9,2826.97,53042.82,0,Normal
EMP00884,Engineering,29,87.7,56828.26,28065.45,11536.24,13.4,3011.06,6981.82,2785.77,96812.47,0,Normal
EMP00280,Operations,29,42.5,40879.02,13526.8,9482.94,4.2,6166.17,9571.91,1825.76,60266.87,0,Normal
EMP00294,Sales,10,80.1,65415.15,31538.03,8757.02,2.8,0.0,15334.69,4423.77,87668.89,0,Normal
EMP01528,Finance,12,97.7,54138.23,21655.29,8120.73,10.4,5413.82,-2989.3,-947.44,98543.29,1,negative_deduction
EMP00401,Engineering,17,69.5,54743.59,22949.41,7862.91,29.5,0.0,12855.98,3156.4,84683.55,0,Normal
EMP00123,Sales,7,61.8,48372.98,14819.0,10143.21,4.4,0.0,13254.73,1624.18,60451.67,0,Normal
EMP01208,Sales,11,55.9,26633.78,12028.03,4503.8,11.0,0.0,7765.45,1374.44,36772.33,0,Normal
EMP00203,Engineering,11,49.6,56434.96,25701.04,13436.06,3.9,0.0,11391.84,3097.74,83145.88,0,Normal
EMP00836,Sales,29,45.2,51631.35,17515.89,7909.01,1.2,0.0,10279.9,2609.8,64747.4,0,Normal
EMP00247,Sales,8,52.1,29203.7,10948.75,5552.17,2.3,0.0,3097.91,1041.52,42194.89,0,Normal
EMP01440,Finance,13,52.3,44589.07,18233.64,7422.7,0.9,2821.83,6902.3,1232.1,65309.06,0,Normal
EMP01592,HR,7,100.0,19182.74,7673.1,2877.41,14.8,9591.37,959.14,383.65,40643.44,1,duplicate_manipulation
EMP01576,Sales,11,61.8,44303.5,17721.4,6645.52,5.8,4430.35,-3206.91,-246.48,78963.16,1,negative_deduction
EMP01154,Finance,16,49.0,55475.17,16892.91,6292.05,0.5,0.0,6333.21,2007.65,70579.31,0,Normal
EMP01427,Engineering,16,80.8,39169.03,12222.52,9508.49,4.5,0.0,11659.76,2261.29,48631.43,0,Normal
EMP00385,Operations,20,63.6,30182.3,14460.72,4766.02,2.7,0.0,6361.07,654.87,43157.09,0,Normal
EMP01476,Finance,10,43.0,61786.97,30320.51,12158.79,4.6,0.0,10177.27,3134.22,93619.34,0,Normal
EMP00855,Engineering,15,88.5,64953.7,23484.28,7515.08,23.4,9862.69,8068.31,2962.81,109033.85,0,Normal
EMP00220,Operations,1,63.5,49608.08,18139.03,8717.96,4.2,0.0,8850.37,1776.68,67791.34,0,Normal
EMP00642,Sales,29,42.0,41454.05,15822.64,6152.67,0.0,0.0,5475.2,3230.83,54723.33,0,Normal
EMP00002,Management,26,47.9,121236.97,42906.05,14824.37,1.4,20711.77,30394.2,5010.36,165865.84,0,Normal
EMP00113,Management,6,89.7,60338.37,23996.52,6042.38,6.0,0.0,11559.92,2191.79,80019.59,0,Normal
EMP00699,Engineering,25,88.5,58464.32,27660.2,14008.1,1.1,0.0,15298.53,2437.89,82999.11,0,Normal
EMP01603,HR,23,50.0,0.0,11799.27,3977.42,0.0,20359.29,0.0,0.0,36135.98,1,ghost_employee
EMP00952,Finance,3,88.6,48209.28,14851.21,9020.69,8.5,0.0,6957.5,2351.55,66613.81,0,Normal
EMP01470,Operations,1,65.3,31164.06,9894.25,6597.82,4.9,6075.79,3774.44,1791.11,49597.97,0,Normal
EMP01411,Engineering,5,59.7,55458.86,16644.29,7672.73,3.3,5276.56,13762.77,2458.56,70546.87,0,Normal
EMP01410,Operations,21,86.7,33123.04,15418.93,6555.35,0.2,1684.99,5900.87,2525.99,48417.56,0,Normal
EMP01292,Engineering,18,98.8,45018.13,18447.62,9386.26,8.9,0.0,5200.93,1964.95,69442.33,0,Normal
EMP01659,Sales,9,96.3,36279.03,14511.61,5441.85,21.3,18139.51,1813.95,725.58,79076.94,1,duplicate_manipulation
EMP00442,Management,28,41.6,104747.78,38704.7,16590.09,4.4,15060.82,13455.61,4129.13,161839.5,0,Normal
EMP01137,Operations,14,57.9,38347.19,13714.37,8852.8,1.1,0.0,5693.25,1144.78,54471.79,0,Normal
EMP01257,Engineering,24,46.9,61617.72,20293.12,6197.99,1.4,0.0,13493.89,4356.77,71066.9,0,Normal
EMP01398,Engineering,14,81.4,55040.51,19248.82,13551.74,10.0,0.0,6602.25,4329.67,82069.2,0,Normal
EMP00664,Engineering,27,63.9,47199.97,17562.87,6791.99,1.3,0.0,11233.3,1665.48,59231.3,0,Normal
EMP01537,Management,25,98.9,599793.42,239917.37,89969.01,25.5,89969.01,119958.68,29989.67,1013088.57,1,salary_spike
EMP01258,HR,25,60.1,40384.12,17690.85,10092.76,9.4,0.0,11904.76,2266.73,57555.09,0,Normal
EMP01490,Sales,24,48.5,50120.49,16960.94,12292.7,4.4,0.0,7132.88,3617.07,70691.65,0,Normal
EMP00318,Engineering,25,99.1,60034.39,20855.15,14426.81,3.0,0.0,13013.45,1958.64,82032.73,0,Normal
EMP00649,Operations,23,40.2,22350.47,9572.73,2591.14,5.6,2804.57,5543.08,1733.07,31216.16,0,Normal
EMP01435,Engineering,9,66.5,65181.17,21168.84,14172.9,0.3,6692.97,18827.24,4802.55,83769.41,0,Normal
EMP01480,Sales,10,99.8,45581.34,17249.97,5057.83,7.6,0.0,11960.85,1269.94,57906.02,0,Normal
EMP00710,Finance,8,95.9,45481.04,18877.9,5423.73,1.6,4144.25,5926.98,2616.25,66065.91,0,Normal
EMP01383,Management,28,44.6,76093.69,28790.98,15828.76,2.9,8953.29,10796.47,4855.12,116083.93,0,Normal
EMP01283,Finance,6,90.1,35785.11,16983.92,6933.86,3.1,0.0,4504.65,1831.64,54406.6,0,Normal
EMP00973,Operations,29,41.9,40382.89,15209.94,7698.82,8.5,0.0,4792.06,1759.28,59958.32,0,Normal
EMP00628,Operations,6,43.0,28982.75,8992.15,4092.36,0.7,0.0,7459.91,771.42,34026.13,0,Normal
EMP00633,HR,15,50.1,36879.07,14972.46,6837.22,3.4,4042.8,5684.79,1548.46,56673.82,0,Normal
EMP01307,Operations,29,40.0,28893.71,12859.85,3125.62,17.2,2331.41,3116.15,733.88,48019.67,0,Normal
EMP01401,Engineering,21,98.8,42833.25,20196.14,10588.95,2.7,5916.74,4620.77,1079.19,74919.34,0,Normal
EMP01409,Finance,8,41.0,59442.96,21843.27,11212.72,3.3,0.0,9864.11,4325.03,80148.83,0,Normal
EMP01249,Management,10,48.5,94605.14,33084.17,13288.37,2.3,10258.26,28298.45,4669.36,120308.05,0,Normal
EMP01638,HR,24,85.0,49674.59,19869.84,7451.19,6.7,4967.46,9934.92,2483.73,254326.17,1,net_salary_inconsistency
EMP01255,Finance,23,86.3,61194.28,28849.81,6596.96,15.8,0.0,10390.73,2997.12,92317.6,0,Normal
EMP01372,Engineering,2,44.4,43883.43,16226.62,8671.74,1.9,5395.97,12271.82,3057.46,59630.15,0,Normal
EMP01355,HR,13,85.9,37121.82,13698.08,8158.19,6.5,5635.7,4271.03,1777.11,60827.76,0,Normal
EMP01613,Finance,13,93.4,383953.7,153581.48,57593.06,2.1,57593.06,76790.74,19197.69,564291.96,1,salary_spike
EMP01548,Finance,25,53.7,43350.35,17340.14,6502.55,7.2,4335.03,-598.87,-958.39,76011.48,1,negative_deduction
EMP00796,Operations,19,69.9,45995.5,14581.09,5328.47,4.2,0.0,13785.88,2556.72,51373.53,0,Normal
EMP00646,Operations,28,82.4,22326.91,8448.1,5339.75,13.1,0.0,4904.05,1300.28,32652.45,0,Normal
EMP01013,Management,15,42.7,74242.74,24430.71,12414.34,7.1,0.0,16851.83,4311.07,94866.67,0,Normal
EMP00557,Engineering,23,71.0,58983.76,26935.5,14523.9,1.9,8301.44,17009.8,2688.68,90096.77,0,Normal
EMP00682,Sales,7,90.5,25063.36,10347.32,2691.71,0.2,0.0,7243.56,1344.18,29561.64,0,Normal
EMP00578,Management,10,61.7,60779.55,23012.4,14769.19,0.4,0.0,11474.17,3971.39,83343.5,0,Normal
EMP01110,Engineering,2,66.1,54021.73,21433.69,13118.58,5.5,0.0,14700.44,1167.21,75491.85,0,Normal
EMP01267,Sales,2,87.5,47148.52,21710.91,8531.49,3.2,,7300.23,1349.14,70156.01,0,Normal
EMP01184,Management,11,44.4,70531.37,32425.47,16957.47,9.7,0.0,9309.31,1840.47,115178.48,0,Normal
EMP00525,Operations,4,64.4,25567.68,11517.72,3091.58,4.9,0.0,2612.83,1523.72,37214.95,0,Normal
EMP01060,Finance,24,94.6,47282.72,17902.63,9817.51,3.7,0.0,12963.9,3206.46,60472.62,0,Normal
EMP00541,Management,18,67.5,86311.34,34767.86,21145.7,2.1,15254.89,11943.36,4701.04,142534.64,0,Normal
EMP01195,Engineering,12,96.0,69543.33,30879.43,11163.65,10.6,0.0,20199.57,1657.39,96640.32,0,Normal
EMP00749,Management,23,75.8,58509.35,24584.6,9548.44,5.8,3752.58,6143.53,3212.6,90220.29,0,Normal
EMP01551,HR,16,93.5,31381.72,12552.69,4707.26,388.2,3138.17,6276.34,1569.09,158144.26,1,impossible_overtime
EMP01431,HR,15,71.7,46662.07,15531.81,7117.27,22.1,0.0,9249.06,3634.65,66095.24,0,Normal
EMP00485,Finance,14,44.7,38313.67,14694.57,8044.88,2.1,0.0,6840.99,1283.64,53682.79,0,Normal
EMP00096,HR,21,67.3,29532.51,9782.39,3857.23,9.3,1563.82,6046.32,1941.29,39323.21,0,Normal
EMP01021,Finance,12,92.9,47909.57,23569.51,8857.41,0.8,0.0,7127.4,2704.08,70864.33,0,Normal
EMP00564,Engineering,16,88.0,62384.41,20217.38,12938.38,8.1,11479.91,12168.62,4244.73,95344.05,0,Normal
EMP01265,Engineering,9,43.6,36626.71,11866.71,5728.26,5.4,4880.96,8155.97,1131.37,51669.53,0,Normal
EMP00743,Operations,29,42.1,44385.0,21219.44,7428.08,17.1,0.0,4734.93,3469.66,71943.4,0,Normal
EMP00864,Sales,8,95.2,30220.62,10214.18,7209.42,4.4,2697.58,3649.89,1094.84,46843.67,0,Normal
EMP01485,Sales,11,49.4,32193.3,15975.98,3254.86,2.9,4028.84,7444.06,913.85,47970.33,0,Normal
EMP00892,Operations,11,52.5,28062.96,10954.32,4616.96,0.4,3513.75,7515.94,1145.29,38592.0,0,Normal
EMP01039,Engineering,18,62.6,47302.16,23551.79,5433.69,3.6,0.0,11368.89,1702.55,64812.65,0,Normal
EMP00207,Engineering,24,49.6,54672.35,25587.84,9444.8,0.7,0.0,9493.99,1453.38,79116.41,0,Normal
EMP00393,Sales,10,48.1,34098.16,13161.6,5543.5,57.1,0.0,9518.83,1118.45,60419.15,0,Normal
EMP00795,Engineering,27,81.2,47852.06,19279.23,6106.65,10.5,0.0,13000.03,2500.7,62447.65,0,Normal
EMP00871,Sales,16,,49264.1,15339.67,9572.51,7.6,0.0,11068.97,1685.6,64931.78,0,Normal
EMP00398,Sales,13,67.4,34771.39,12433.87,3761.97,2.7,6680.33,6525.43,1974.91,50027.37,0,Normal
EMP00767,Operations,2,89.0,20000.0,8647.34,2559.77,8.9,2871.84,4862.71,1136.15,29748.84,0,Normal
EMP01541,HR,4,62.9,51619.67,20647.87,7742.95,19.7,300430.87,10323.93,2580.98,377069.96,1,bonus_abuse
EMP01242,Operations,3,62.3,36414.57,12255.78,4089.02,7.8,0.0,5805.07,2222.16,47394.96,0,Normal
EMP01029,Sales,8,44.3,38136.8,18656.3,6467.64,2.6,2199.77,6383.83,888.48,59117.78,0,Normal
EMP00643,Engineering,24,56.1,46499.12,20270.8,6450.18,2.2,0.0,7807.88,1378.99,64992.27,0,Normal
EMP01583,Engineering,28,81.1,56623.39,22649.36,8493.51,390.0,5662.34,11324.68,2831.17,286302.02,1,impossible_overtime
EMP00613,Finance,26,95.9,43150.86,13381.71,9274.71,11.8,0.0,7029.07,1299.03,62252.74,0,Normal
EMP00961,Engineering,20,55.1,83951.39,25555.91,16420.5,1.9,0.0,14099.04,4163.82,109160.32,0,Normal
EMP00726,Operations,4,59.3,37241.29,13714.62,6658.66,20.5,2763.77,10425.77,1540.5,55569.38,0,Normal
EMP00684,Finance,15,89.8,51021.29,17362.84,6140.37,5.3,10091.05,14828.6,2607.13,69714.94,0,Normal
EMP00099,Engineering,22,80.4,46539.86,15631.4,8023.01,13.3,,12951.62,1757.17,61288.42,0,Normal
EMP00805,Sales,13,91.4,47000.44,15762.98,10698.61,5.3,0.0,7865.11,2440.6,65491.65,0,Normal
EMP00407,Sales,18,43.5,42602.92,15711.6,6163.74,8.1,3252.48,9060.65,1308.42,60596.83,0,Normal
EMP00503,Sales,26,94.8,22903.31,9885.8,4943.06,6.9,0.0,3891.2,1261.88,34060.65,0,Normal
EMP01072,Engineering,12,77.9,64487.51,29437.59,8500.24,2.1,0.0,11815.02,4302.14,87577.78,0,Normal
EMP01057,Operations,16,89.6,31506.24,13228.59,3976.65,4.0,0.0,3770.9,2211.18,43910.88,0,Normal
EMP00930,Sales,11,67.8,55072.21,19785.53,12075.49,30.6,0.0,15112.14,1828.18,85791.75,0,Normal
EMP00780,Finance,7,70.5,51077.81,21961.3,7208.71,10.2,0.0,6131.07,3248.78,75752.29,0,Normal
EMP00201,Finance,1,44.1,49831.59,20673.01,8531.93,9.6,0.0,5472.77,3163.68,74884.92,0,Normal
EMP00135,Management,5,88.2,81472.93,29110.6,12957.89,1.8,0.0,16832.81,5572.98,102510.49,0,Normal
EMP01052,HR,10,78.5,42231.61,12872.24,8444.68,1.6,0.0,12650.77,3276.48,48254.75,0,Normal
EMP00041,Engineering,10,41.1,56502.69,26646.93,,3.2,4793.75,11004.56,1277.73,91192.25,0,Normal
EMP01018,Finance,21,,52032.15,21499.87,12974.05,6.6,9330.02,5204.86,2387.34,91463.38,0,Normal
EMP00231,Operations,3,55.9,38679.78,13381.86,8764.8,1.0,4821.96,9284.6,2387.65,54338.77,0,Normal
EMP01514,HR,11,90.8,32025.04,12810.02,4803.76,3.2,98847.44,6405.01,1601.25,141440.75,1,bonus_abuse
EMP00379,Operations,20,41.7,25640.67,7727.47,5322.73,5.2,2302.67,3523.92,1889.27,36830.33,0,Normal
EMP00289,Sales,14,62.5,53144.55,16267.16,10706.49,2.2,0.0,14158.14,1989.68,65066.49,0,Normal
EMP00419,Finance,9,40.5,41919.49,19291.19,7086.63,10.5,0.0,11567.44,2203.38,58652.94,0,Normal
EMP00392,Sales,26,88.4,40166.94,14798.36,7328.76,6.8,0.0,7043.96,2911.08,54899.66,0,Normal
EMP00593,Engineering,26,93.4,47151.09,14622.71,11621.26,9.7,0.0,13250.29,1911.79,62520.78,0,Normal
EMP01523,Finance,14,69.6,41028.49,16411.4,6154.27,11.0,4102.85,8205.7,2051.42,-30835.48,1,net_salary_inconsistency
EMP01163,Sales,8,67.5,46119.96,19113.24,9592.93,8.2,0.0,8743.34,2438.1,67190.16,0,Normal
EMP01087,Finance,29,81.0,40113.38,18713.79,8765.27,2.5,7029.69,4406.79,2952.36,68203.14,0,Normal
EMP01496,Finance,7,73.6,59399.78,27422.12,10089.58,1.8,0.0,9947.44,2246.92,85719.49,0,Normal
EMP00648,Finance,17,56.4,55595.98,18829.64,11460.73,1.7,0.0,9802.4,1715.86,75254.15,0,Normal
EMP01153,Finance,16,86.4,52530.78,17821.53,9557.3,12.4,8455.85,7086.88,1861.72,85523.56,0,Normal
EMP01368,Management,13,47.3,90923.31,44167.05,11472.23,13.3,0.0,12949.76,6123.18,138826.65,0,Normal
EMP00521,Finance,24,72.4,54441.03,26310.49,9082.27,1.9,0.0,5927.49,2198.0,82678.03,0,Normal
EMP00065,Sales,27,41.5,40332.41,16785.95,6596.99,10.2,0.0,10999.64,3192.65,53379.85,0,Normal
EMP00015,Engineering,11,43.4,45952.42,17171.02,6001.99,7.3,2379.45,8037.41,1781.89,64830.45,0,Normal
EMP01181,Management,18,94.5,92578.91,28030.34,10727.07,12.1,0.0,16590.59,5087.5,120160.15,0,Normal
EMP01065,Sales,17,41.0,36155.64,15746.11,4041.98,2.7,0.0,8603.9,957.2,47297.82,0,Normal
EMP00493,Sales,16,70.7,43749.46,16652.86,9974.77,19.2,4366.68,10947.41,2103.65,69567.61,0,Normal
EMP00380,Sales,9,95.9,20000.0,6849.79,3746.21,41.7,0.0,5093.22,698.24,32623.29,0,Normal
EMP00188,Finance,28,74.8,60277.52,24177.42,6795.99,0.1,,15699.75,3601.33,72006.36,0,Normal
EMP00764,Operations,13,80.8,36913.97,11082.4,4197.23,23.2,0.0,6780.13,1186.74,52255.52,0,Normal
EMP00217,Sales,15,72.6,35978.35,13394.05,8117.47,10.8,2578.83,6343.85,2352.83,55014.83,0,Normal
EMP00792,Finance,18,91.2,63881.14,30038.84,14615.37,5.0,5415.11,19148.37,1754.81,96041.71,0,Normal
EMP01077,Sales,9,45.8,42128.46,14531.43,4337.03,1.2,0.0,6231.72,3150.1,52089.05,0,Normal
EMP00879,Engineering,20,51.8,54693.11,20917.7,6811.61,2.7,0.0,14373.92,3475.5,65957.42,0,Normal
EMP00338,Operations,1,42.5,44666.93,20976.57,9275.15,2.9,0.0,11214.43,2827.32,62091.28,0,Normal
EMP00720,Operations,7,81.5,28553.04,8908.22,3091.3,0.1,0.0,6645.82,578.09,33355.42,0,Normal
EMP00296,HR,5,96.4,25674.66,10276.41,2722.8,4.7,2265.8,4235.04,1442.85,36393.07,0,Normal
EMP01017,Engineering,26,96.6,35708.07,14810.75,5492.31,34.8,3147.05,4782.91,2285.04,63739.99,0,Normal
EMP01276,Engineering,1,93.0,50565.68,18334.3,7799.75,3.2,9311.44,14773.83,2454.41,70299.9,0,Normal
EMP01486,Sales,22,91.4,34937.14,13147.66,6209.41,9.6,3711.89,9467.45,1921.71,49761.28,0,Normal
EMP00456,HR,29,82.3,60351.75,22481.75,8560.97,5.9,0.0,13024.78,3202.38,78505.52,0,Normal
EMP01677,Operations,14,83.9,28483.98,11393.59,4272.6,20.8,2848.4,5696.8,1424.2,159011.82,1,net_salary_inconsistency
EMP00816,HR,5,57.5,35280.37,15329.37,6144.27,4.2,0.0,5198.9,802.83,52141.44,0,Normal
EMP00270,Sales,14,63.1,39508.68,15693.88,6185.0,3.3,3154.28,5232.76,1300.62,59230.76,0,Normal
EMP00996,Engineering,23,50.6,47603.66,20035.04,8459.28,4.8,0.0,4901.56,2041.55,71297.03,0,Normal
EMP00202,Engineering,29,72.2,61951.5,26852.41,9320.51,6.6,11377.35,10342.72,1460.29,101532.01,0,Normal
EMP00162,Finance,19,70.2,55826.62,25225.73,6025.03,14.4,3582.36,10821.05,1120.56,86254.72,0,Normal
EMP01580,Finance,16,97.0,51487.65,20595.06,7723.15,21.7,5148.77,10297.53,2574.38,8255.72,1,net_salary_inconsistency
EMP00730,Engineering,23,96.1,54826.57,21550.54,9412.63,7.2,0.0,14221.88,4378.4,70890.25,0,Normal
EMP00402,Management,1,58.2,66550.19,25739.54,11340.89,2.1,0.0,9376.48,5065.47,90498.88,0,Normal
EMP00703,Sales,26,88.1,49141.4,21365.1,11079.26,1.3,0.0,5899.21,3679.79,72605.67,0,Normal
EMP01501,Management,18,47.3,77409.14,30963.66,11611.37,291.4,7740.91,15481.83,3870.46,319844.88,1,impossible_overtime
EMP01130,Sales,25,45.0,54801.33,23127.34,11106.33,0.7,0.0,5531.04,2331.96,81531.63,0,Normal
EMP00566,Finance,25,80.1,61945.8,20828.45,7017.64,0.8,0.0,13967.24,4277.29,72011.95,0,Normal
EMP01414,Engineering,13,42.8,54397.54,18860.36,7030.42,5.8,4371.94,9673.67,3363.31,74581.15,0,Normal
EMP01022,Sales,28,41.2,38782.99,12012.6,9211.48,29.8,0.0,6188.81,1206.54,63446.72,0,Normal
EMP01026,HR,12,64.1,48734.04,19895.87,9158.85,0.2,0.0,5415.7,1940.66,70523.78,0,Normal
EMP01412,Engineering,7,68.3,37616.9,13600.91,5818.77,13.0,0.0,8286.79,2036.06,51298.29,0,Normal
EMP01586,Finance,5,52.1,55407.9,22163.16,8311.18,6.2,5540.79,-3833.66,-122.24,98599.51,1,negative_deduction
EMP01105,Management,28,47.3,92243.89,44406.98,20173.43,13.6,12528.1,10976.78,2705.25,167431.47,0,Normal
EMP00206,Engineering,19,48.2,53097.65,21642.84,11208.89,0.0,0.0,14990.49,3646.98,67311.91,0,Normal
EMP00035,Management,22,95.9,51326.11,16088.23,5179.17,9.2,0.0,10412.87,3316.91,63290.61,0,Normal
EMP00776,Engineering,3,43.3,36964.36,12084.21,8240.26,1.1,0.0,9766.9,1364.34,46538.78,0,Normal
EMP00509,Management,16,51.5,95131.16,29336.84,16422.11,15.5,0.0,26970.15,7372.75,120370.96,0,Normal
EMP01452,Finance,2,87.1,37485.46,17390.44,6993.96,22.6,0.0,5159.31,1848.04,62804.74,0,Normal
EMP01479,Operations,24,96.5,26739.81,8979.74,4349.4,13.8,1853.66,5171.48,1218.72,38991.87,0,Normal
EMP01654,Management,7,62.6,105239.27,42095.71,15785.89,12.4,685394.34,21047.85,5261.96,834439.47,1,bonus_abuse
EMP01391,Engineering,13,90.2,35968.2,10861.75,6939.61,2.4,2783.86,5859.55,1427.44,50075.71,0,Normal
EMP00092,Operations,4,84.4,41668.23,18258.05,8134.12,4.2,0.0,10020.34,2004.86,57675.89,0,Normal
EMP01364,Finance,29,66.1,46551.17,15527.75,7380.03,6.3,0.0,7180.69,1523.1,63504.59,0,Normal
EMP00898,Operations,5,82.5,41995.11,15851.26,,0.0,,6288.28,2646.24,54212.36,0,Normal
EMP00565,Sales,13,78.5,33581.05,16377.68,6417.29,3.1,5825.77,4653.0,1582.55,56942.19,0,Normal
EMP01370,Engineering,19,43.2,41429.34,13415.99,9382.57,8.0,0.0,12168.74,1290.85,53875.51,0,Normal
EMP00777,Engineering,23,86.6,58044.88,18509.57,8649.32,11.9,10952.69,10854.16,2491.41,89286.52,0,Normal
EMP00242,Management,27,86.4,89659.75,32021.22,10304.08,6.2,0.0,18511.7,6610.72,112074.1,0,Normal
EMP00014,Engineering,6,56.1,54248.88,23858.1,12130.03,17.6,5137.2,15538.63,4017.24,84769.41,0,Normal
EMP00316,Finance,29,44.1,57131.08,18573.16,12822.21,2.1,3062.02,16059.19,3705.9,72948.15,0,Normal
EMP00601,Engineering,4,87.1,74679.57,26980.73,16180.02,14.8,0.0,9460.4,3402.85,115338.86,0,Normal
EMP00388,Engineering,24,63.0,58621.5,25688.6,6593.95,0.7,0.0,16434.44,1363.81,73490.5,0,Normal
EMP01298,Engineering,18,97.9,57872.85,26953.81,9019.26,5.6,0.0,8463.05,3545.66,84875.53,0,Normal
EMP00167,Sales,10,74.5,33545.98,12252.7,6194.68,20.9,3504.54,6143.69,779.0,55148.13,0,Normal
EMP00841,Engineering,16,,46897.86,19561.7,10991.56,2.3,0.0,13595.65,2705.3,62161.41,0,Normal
EMP00021,Finance,26,48.1,51978.84,18123.95,7871.65,6.5,9713.43,5774.68,3396.43,81684.22,0,Normal
EMP00647,Finance,27,63.6,52938.39,23262.86,12184.05,2.6,0.0,14344.4,3407.38,71923.89,0,Normal
EMP01509,Engineering,16,50.7,28751.37,11500.55,4312.71,10.9,14375.68,1437.57,575.03,59865.74,1,duplicate_manipulation
EMP01155,Finance,7,66.6,57325.17,27076.57,9326.67,3.7,7459.64,10321.04,2561.33,90294.15,0,Normal
EMP01529,HR,10,64.6,46088.44,18435.38,6913.27,332.3,4608.84,9217.69,2304.42,208103.71,1,impossible_overtime
EMP00832,HR,20,87.9,43280.04,15447.0,6960.33,11.6,0.0,12353.64,2185.18,55855.25,0,Normal
EMP01268,HR,18,74.4,37564.66,17741.17,4193.06,32.9,3953.55,4609.59,2241.17,68188.03,0,Normal
EMP01591,Sales,19,44.2,33261.14,13304.46,4989.17,5.4,175194.98,6652.23,1663.06,220118.31,1,bonus_abuse
EMP00563,Engineering,15,50.8,63865.73,27948.22,12913.16,9.6,11194.67,6485.69,3699.07,111484.94,0,Normal
EMP01637,HR,10,49.4,30139.69,12055.88,4520.95,5.6,90631.64,6027.94,1506.98,131395.57,1,bonus_abuse
EMP00687,Finance,6,59.3,63922.79,29702.02,15433.99,21.3,0.0,16776.4,5109.39,99937.59,0,Normal
EMP00958,Engineering,7,,43067.81,17065.86,9034.8,9.7,2338.35,11110.74,2017.42,62295.14,0,Normal
EMP00190,Engineering,27,65.2,52302.82,22218.22,10394.98,10.0,0.0,8853.44,2712.43,78253.54,0,Normal
EMP00976,Sales,1,77.0,36837.58,11407.59,4481.17,4.0,0.0,8057.5,834.77,45215.48,0,Normal
EMP00700,HR,12,95.2,39822.25,12765.76,4129.43,7.3,0.0,6080.09,2233.33,51129.36,0,Normal
EMP01500,Operations,5,99.6,39426.01,16839.99,7385.35,28.9,0.0,5146.3,2372.79,66814.24,0,Normal
EMP00511,Finance,11,64.1,47371.75,15805.14,8833.57,1.7,2781.91,11788.97,2718.92,61039.47,0,Normal
EMP01083,Sales,8,78.6,59787.97,21932.53,12079.42,8.4,7258.09,12545.38,4178.35,89042.58,0,Normal
EMP00475,HR,17,87.2,35656.57,14487.78,7901.59,19.7,0.0,6407.8,2540.18,55683.28,0,Normal
EMP01585,Finance,11,90.3,47104.61,18841.84,7065.69,14.4,166031.52,9420.92,2355.23,233626.63,1,bonus_abuse
EMP00857,Engineering,6,58.4,51825.82,24854.99,11367.31,1.1,10093.32,10297.21,3474.14,84904.54,0,Normal
EMP00748,HR,20,70.9,30112.63,9575.07,4116.34,1.7,3728.47,8852.03,1390.81,37769.59,0,Normal
EMP00253,Operations,13,66.5,38647.1,17746.18,8257.59,5.6,6119.64,9691.17,1133.93,61974.38,0,Normal
EMP00022,Engineering,11,96.0,71704.03,29503.87,14525.84,10.9,0.0,11250.94,3375.84,108434.22,0,Normal
EMP01338,Finance,16,91.9,46922.64,19664.02,9269.02,3.5,0.0,11849.71,2344.46,63201.16,0,Normal
EMP00460,Engineering,2,70.2,68781.35,21799.4,12847.07,13.3,0.0,11193.96,2183.25,98626.78,0,Normal
EMP01185,Engineering,3,53.4,29159.88,14187.76,5162.11,23.3,0.0,4535.9,1190.36,49153.1,0,Normal
EMP00277,Operations,6,69.6,33010.47,12993.38,6181.48,5.5,0.0,4728.34,2173.4,46985.69,0,Normal
EMP00956,Sales,20,41.6,37381.08,18211.59,6238.27,6.1,0.0,8647.91,1508.02,53812.74,0,Normal
EMP01216,Engineering,1,96.0,72381.99,26106.53,17721.12,4.0,0.0,16294.48,2026.23,100603.25,0,Normal
EMP00386,Operations,8,80.2,38750.19,18671.2,9494.03,6.5,0.0,9438.52,1093.69,58744.55,0,Normal
EMP00806,Operations,16,97.6,35716.65,17767.86,5104.63,17.4,2535.45,4603.7,1644.9,60702.27,0,Normal
EMP01438,Operations,12,94.5,36690.27,12402.26,7950.28,3.0,0.0,8260.21,1776.24,48038.27,0,Normal
EMP01516,Finance,8,44.3,37682.05,15072.82,5652.31,2.6,18841.03,1884.1,753.64,75528.97,1,duplicate_manipulation
EMP00344,Sales,21,,41969.63,20677.26,5334.28,18.7,5591.89,7418.33,1666.04,71846.49,0,Normal
EMP00770,Operations,15,89.7,50666.78,15364.63,5499.9,10.7,0.0,8928.59,4038.3,63646.93,0,Normal
EMP01333,Engineering,25,,49082.53,16083.08,6449.24,3.4,0.0,7782.88,1648.58,63747.9,0,Normal
EMP00131,Sales,25,47.9,45497.21,21501.95,5364.45,3.7,5655.2,12982.24,2699.61,63915.14,0,Normal
EMP00872,Sales,27,70.9,33238.08,15067.01,4650.51,16.2,3320.52,7607.51,2048.07,51668.57,0,Normal
EMP01124,Operations,23,43.9,27150.68,11207.22,6065.42,13.2,0.0,7856.27,1255.88,38671.07,0,Normal
EMP01397,Sales,28,75.7,20000.0,9018.28,2469.84,4.0,0.0,5053.56,467.01,26717.55,0,Normal
EMP00088,Finance,3,92.8,41530.29,15558.27,8350.22,3.1,3253.46,4824.55,2866.07,62208.59,0,Normal
EMP01483,HR,7,67.0,32066.56,14516.63,6074.65,1.0,0.0,3618.62,1663.25,47676.59,0,Normal
EMP00331,Sales,15,92.9,37033.28,18231.43,7805.94,8.7,0.0,9889.7,1075.73,55125.75,0,Normal
EMP01239,Management,6,41.5,83730.81,37700.28,9963.6,3.1,9257.57,13426.73,1767.23,127891.73,0,Normal
EMP00467,Sales,15,71.8,37974.1,17647.5,4292.78,5.7,0.0,10530.71,1610.04,49802.87,0,Normal
EMP00122,Operations,9,66.8,33780.24,10485.31,6419.52,3.9,0.0,3668.63,805.6,47445.93,0,Normal
EMP01639,Finance,28,59.3,0.0,9961.09,6508.41,0.0,44094.96,0.0,0.0,60564.46,1,ghost_employee
EMP01045,Operations,11,65.7,27348.51,8624.4,4401.74,4.4,0.0,7802.84,746.43,32953.51,0,Normal
EMP01096,Engineering,5,,59363.58,23978.28,,3.7,0.0,15994.42,1837.42,81939.51,0,Normal
EMP01131,Operations,1,56.4,48911.2,19448.83,,0.6,6323.95,13437.56,3700.81,66403.83,0,Normal
EMP01295,Operations,14,71.9,40456.42,16272.49,4984.95,0.3,0.0,7094.6,2685.02,52048.02,0,Normal
EMP00861,Operations,1,88.3,35479.46,13232.58,4597.34,15.7,0.0,4914.12,1586.35,52031.04,0,Normal
EMP01460,Finance,15,75.1,66014.05,21915.08,8515.87,15.5,0.0,17032.6,2276.99,86728.08,0,Normal
EMP01127,Engineering,11,92.1,64400.69,26628.28,10879.49,3.3,5494.71,18805.16,2314.05,88276.36,0,Normal
