employee_id,department,years_of_service,performance_score,basic_salary,hra,other_allowances,overtime_hours,bonuses,tax_deductions,other_deductions,net_salary,is_anomaly,anomaly_type
EMP00543,Engineering,26,73.9,38834.48,13808.4,7340.46,5.6,2075.98,8087.94,1443.51,54566.68,0,Normal
EMP00260,Engineering,13,79.3,60948.18,26501.86,7158.59,0.4,0.0,18022.45,2490.6,74324.14,0,Normal
EMP00044,Management,13,74.5,82640.85,38579.14,14290.22,1.0,0.0,9899.85,4390.98,121994.14,0,Normal
EMP01011,Engineering,10,99.6,70652.08,35287.01,16701.3,6.7,6384.68,17308.49,5573.39,110581.02,0,Normal
EMP00755,Engineering,2,96.7,58876.95,23552.11,12951.02,3.4,0.0,7648.7,4173.1,85434.98,0,Normal
EMP00311,Sales,19,61.7,51203.13,25025.04,12148.41,15.4,6541.71,12377.61,2744.16,87188.97,0,Normal
EMP00756,Operations,11,72.9,32981.17,12611.72,6042.25,7.7,0.0,3983.07,1387.17,48645.73,0,Normal
EMP00468,Operations,7,56.4,39237.54,18104.76,9762.08,2.0,7113.94,6513.23,2166.27,66274.52,0,Normal
EMP00211,HR,29,58.9,35462.91,11529.35,7901.53,1.1,0.0,10191.68,2510.49,42557.33,0,Normal
EMP00156,Engineering,27,53.4,48577.18,19434.77,7853.94,1.2,2577.08,13806.31,2283.9,62899.25,0,Normal
EMP01109,Finance,27,82.6,38283.5,15313.4,5742.52,28.1,19141.75,1914.18,765.67,85886.63,1,duplicate_manipulation
EMP00712,Finance,8,72.6,46905.4,22128.25,8817.91,2.3,8705.89,6916.24,2840.06,77812.55,0,Normal
EMP00410,Engineering,4,76.4,43951.92,19915.02,9705.24,6.9,0.0,12583.74,2820.0,61011.58,0,Normal
EMP00495,HR,13,60.5,28431.85,8823.36,3401.76,9.0,0.0,3363.39,876.82,38815.7,0,Normal
EMP00701,HR,11,87.2,36414.65,17863.68,6732.25,16.2,0.0,5562.75,760.98,60217.32,0,Normal
EMP00524,Operations,17,76.1,43319.24,15889.93,6547.43,7.5,0.0,6516.97,3102.3,59183.21,0,Normal
EMP00810,Engineering,9,97.0,47706.14,23826.18,8481.4,0.4,0.0,7234.77,2021.81,70936.04,0,Normal
EMP00553,Finance,20,97.1,34360.08,15378.78,8169.44,10.1,0.0,6171.45,1463.16,53527.16,0,Normal
EMP00754,Sales,15,70.6,56622.11,18930.97,8661.23,1.8,8684.22,11378.09,2514.51,79961.43,0,Normal
EMP00424,HR,3,65.9,40753.22,17630.23,5663.65,8.0,0.0,4466.21,1277.25,61360.13,0,Normal
EMP00381,Engineering,24,81.6,45355.91,21703.33,6408.15,5.3,6632.71,8135.85,3312.79,70905.08,0,Normal
EMP00962,Finance,14,64.0,40196.89,15058.74,9362.89,3.5,3793.1,8560.48,1792.41,59377.69,0,Normal
EMP01151,Operations,3,98.9,0.0,15529.3,5968.97,0.0,27236.82,0.0,0.0,48735.09,1,ghost_employee
EMP00353,Finance,21,80.2,42278.09,17563.36,4863.54,7.8,0.0,12413.46,2052.79,53330.33,0,Normal
EMP00299,Finance,25,87.7,42971.42,19008.17,9146.88,29.6,0.0,12628.78,3306.51,67115.75,0,Normal
EMP01032,Finance,1,89.1,53081.77,16996.55,10804.71,1.2,0.0,8552.29,3350.09,69577.82,0,Normal
EMP00425,Engineering,4,80.1,57304.59,25694.19,13346.98,4.9,3202.97,14617.36,2760.14,84803.66,0,Normal
EMP00989,Engineering,9,73.7,48415.3,16012.79,11628.46,2.1,0.0,12151.01,2677.66,62181.06,0,Normal
EMP00332,Operations,15,41.1,42526.17,14646.66,5948.95,10.2,0.0,8005.38,1875.37,57307.59,0,Normal
EMP01212,Management,19,69.4,76893.52,30757.41,11534.03,205.8,7689.35,15378.7,3844.68,256007.37,1,impossible_overtime
EMP00535,Operations,7,46.9,35256.03,17236.31,7119.78,7.0,0.0,6657.14,1964.51,53304.15,0,Normal
EMP00108,Operations,27,70.9,45633.22,14911.37,6380.64,8.1,0.0,9900.19,2474.86,58015.45,0,Normal
EMP00372,Engineering,2,59.7,53442.15,22249.27,10019.75,3.2,0.0,10190.04,2630.47,74493.92,0,Normal
EMP00606,HR,15,59.4,42712.27,13684.1,6094.24,7.4,7583.46,7242.04,2759.65,63035.54,0,Normal
EMP00903,Engineering,17,60.1,53350.62,25618.55,11217.17,3.6,0.0,5438.57,1465.91,85082.44,0,Normal
EMP00079,Sales,27,77.3,28967.87,11037.36,3928.67,0.1,2312.78,5420.41,1050.22,39803.21,0,Normal
EMP01140,HR,17,69.1,252829.24,101131.7,37924.39,2.5,37924.39,50565.85,12641.46,372528.1,1,salary_spike
EMP00618,Sales,21,47.2,36511.95,15432.08,3963.52,17.9,0.0,10058.96,1945.89,50029.86,0,Normal
EMP00077,Operations,5,62.1,30558.4,14078.15,3170.3,9.8,0.0,5800.74,1107.98,43705.68,0,Normal
EMP00773,Engineering,20,55.8,49632.14,22758.9,6651.5,2.5,5143.23,6595.05,3056.26,75697.71,0,Normal
EMP00045,Sales,23,93.4,52858.58,23685.68,12586.21,5.7,0.0,8154.83,3153.46,80646.81,0,Normal
EMP00644,Sales,16,69.8,52875.3,22385.11,7792.02,23.2,0.0,13842.52,2975.65,77734.64,0,Normal
EMP00970,HR,14,73.9,33449.98,11080.02,4786.13,0.9,2666.62,6820.46,744.76,44699.76,0,Normal
EMP00114,Operations,1,68.4,49407.52,19872.98,11498.53,6.3,0.0,10912.94,1213.7,71570.52,0,Normal
EMP00436,Operations,4,56.0,20000.0,9939.43,2468.95,2.3,0.0,5943.43,513.35,26382.85,0,Normal
EMP00266,Operations,15,50.0,43405.24,20748.93,7925.77,8.1,0.0,12856.89,1291.7,61227.44,0,Normal
EMP00574,Finance,23,65.2,37864.71,13384.43,5994.32,5.7,0.0,7891.26,2448.95,48926.65,0,Normal
EMP01081,Operations,3,77.5,56154.75,26281.64,11725.43,2.4,0.0,10364.69,2852.01,82208.6,0,Normal
EMP01085,Management,25,65.6,99544.15,33748.78,10659.14,7.9,18740.08,25566.67,6545.94,137952.03,0,Normal
EMP01070,Sales,15,88.5,44153.22,20508.12,8417.68,22.0,0.0,11944.91,2515.26,67725.45,0,Normal
EMP00479,Management,23,45.4,76158.03,28643.3,11320.85,4.4,0.0,10968.72,3360.81,104934.17,0,Normal
EMP00241,Management,17,83.7,93187.52,29034.33,20831.47,26.1,0.0,24171.86,4330.62,137352.66,0,Normal
EMP00193,Management,2,52.8,91741.81,33712.28,20196.69,0.9,13505.8,14473.37,6493.4,138963.88,0,Normal
EMP00421,Operations,3,42.6,44704.78,19932.47,9145.46,7.3,0.0,7602.25,1097.61,68142.33,0,Normal
EMP00790,Management,15,93.7,88142.69,29676.63,9755.05,2.8,0.0,23937.6,4754.87,101195.65,0,Normal
EMP00887,Finance,7,53.1,48851.06,15518.86,9236.13,19.4,0.0,8534.93,3763.32,70192.59,0,Normal
EMP00298,Engineering,28,97.2,29159.32,14549.45,4679.53,11.7,4104.49,5892.47,1543.95,48254.78,0,Normal
EMP00865,Sales,13,99.9,48385.07,21252.23,9861.24,1.0,4321.04,6912.02,3121.24,74239.93,0,Normal
EMP00592,Finance,15,56.9,42835.07,17884.38,6309.0,17.7,5330.76,6181.33,2963.85,70321.98,0,Normal
EMP00082,Finance,3,94.6,44477.4,17581.36,5192.25,13.7,0.0,10548.94,1092.63,61322.01,0,Normal
EMP01166,Sales,20,82.9,37039.95,14815.98,5555.99,305.5,3703.99,7407.99,1852.0,157940.65,1,impossible_overtime
EMP00746,Operations,8,75.6,29175.98,14353.78,6866.87,14.7,0.0,3384.31,1012.32,50020.81,0,Normal
EMP00050,Engineering,20,92.1,70341.42,31880.36,16619.23,0.9,12666.58,10808.33,2244.06,119048.71,0,Normal
EMP00351,HR,9,86.3,38342.02,18545.47,4318.05,1.7,2605.88,5212.96,1313.25,57896.29,0,Normal
EMP00679,Management,6,52.9,85817.02,36990.12,,3.9,0.0,24838.37,5660.62,112378.8,0,Normal
EMP00411,Sales,4,85.3,43524.25,13057.38,9315.24,6.8,0.0,9430.25,2324.66,56916.63,0,Normal
EMP00904,Finance,17,67.9,60481.62,30194.33,11583.21,5.2,0.0,7742.19,4321.98,93143.47,0,Normal
EMP01207,HR,10,63.1,21598.73,8639.49,3239.81,10.6,2159.87,-3194.75,-942.22,41921.24,1,negative_deduction
EMP00932,Operations,4,74.2,23339.59,7183.64,4423.83,11.4,0.0,6199.2,478.31,30763.97,0,Normal
EMP00988,Sales,7,57.8,25063.36,9533.54,4933.48,1.5,1421.47,4174.65,1972.73,35156.92,0,Normal
EMP00363,HR,5,58.6,33285.57,10663.39,4484.27,4.6,3265.29,4642.1,2382.12,46109.74,0,Normal
EMP00345,Sales,2,94.0,44015.23,21948.24,7155.95,7.7,0.0,12684.89,2796.47,60815.41,0,Normal
EMP00071,Operations,13,70.4,44560.37,13815.73,4791.86,11.2,8602.63,12910.51,2947.68,60591.24,0,Normal
EMP00910,Sales,13,46.4,27582.31,8798.3,4883.62,3.0,0.0,7792.47,1102.6,33144.91,0,Normal
EMP00024,Sales,16,93.4,44014.09,21359.01,4975.91,3.1,3341.27,11199.3,2136.41,61633.73,0,Normal
EMP00102,Finance,6,76.7,62290.25,25167.38,8419.39,2.8,3893.57,18389.06,4272.32,78744.33,0,Normal
EMP00707,Sales,6,100.0,41807.69,13399.93,6894.75,4.0,8345.38,8120.5,1876.5,62018.54,0,Normal
EMP00059,Engineering,24,62.5,57992.6,21443.58,12492.61,3.3,9447.52,7275.89,3050.89,92843.68,0,Normal
EMP00645,Engineering,20,95.8,67288.75,30184.14,7303.0,3.3,,17499.98,4116.86,85240.8,0,Normal
EMP01122,Engineering,19,60.1,0.0,12769.47,3811.55,0.0,33170.71,0.0,0.0,49751.73,1,ghost_employee
EMP01106,HR,14,83.6,34953.26,13981.3,5242.99,1.9,160229.15,6990.65,1747.66,206290.99,1,bonus_abuse
EMP00362,Finance,23,89.9,63725.16,30820.54,7667.34,0.7,11826.94,13361.9,1996.88,99099.4,0,Normal
EMP01165,HR,14,77.4,29810.72,11924.29,4471.61,0.5,14905.36,1490.54,596.21,59164.97,1,duplicate_manipulation
EMP00219,Finance,12,80.5,50845.04,23115.6,10362.31,17.3,0.0,6854.02,1824.93,83890.43,0,Normal
EMP00297,Operations,25,78.8,27068.86,13271.48,5264.17,10.5,0.0,3110.27,1291.95,43866.88,0,Normal
EMP00965,Sales,4,90.3,40099.83,16042.81,7998.07,9.0,0.0,9182.11,1878.97,56463.05,0,Normal
EMP00482,Finance,7,48.3,46292.05,20687.4,8817.36,0.3,,6213.34,1068.42,68645.25,0,Normal
EMP00232,HR,2,67.6,41010.29,16059.6,6119.84,17.0,7460.57,11464.8,1875.13,63846.39,0,Normal
EMP00765,Engineering,15,89.3,49883.71,21869.75,6638.18,3.7,0.0,7287.96,1232.71,71601.31,0,Normal
EMP00948,Management,16,59.3,78908.11,38335.76,8929.89,0.4,0.0,12836.29,2050.34,111583.04,0,Normal
EMP00902,Engineering,22,55.7,71483.9,26095.78,15686.18,28.8,0.0,14208.81,4941.27,113416.43,0,Normal
EMP00052,Operations,29,47.7,35371.49,14952.27,6011.21,41.4,2017.75,8524.98,1792.91,61763.39,0,Normal
EMP00582,Management,23,95.1,85086.44,30139.25,15296.91,12.1,0.0,13079.14,2518.12,124577.33,0,Normal
EMP01027,Operations,10,58.6,42718.81,13422.55,6210.03,0.8,0.0,4604.01,1095.85,56971.92,0,Normal
EMP00554,Finance,17,96.8,66514.67,29327.04,13134.53,7.0,10389.07,13484.3,4013.21,106232.83,0,Normal
EMP00486,Management,2,89.0,83067.49,25109.94,11744.78,0.7,0.0,19107.06,5363.61,95996.67,0,Normal
EMP01167,Sales,6,73.1,0.0,11775.99,2126.2,0.0,42959.4,0.0,0.0,56861.59,1,ghost_employee
EMP00110,Engineering,9,87.4,63508.05,19742.52,12814.34,0.6,0.0,18903.32,2957.97,74560.85,0,Normal
EMP00619,Operations,21,65.0,33927.86,14505.44,3929.61,3.3,5955.67,6230.05,1061.35,52076.82,0,Normal
EMP00124,Engineering,24,46.4,25913.45,8302.11,3803.63,21.8,4660.45,4044.9,1030.45,42900.35,0,Normal
EMP00055,Finance,23,93.3,57100.33,18016.86,9883.48,1.7,4024.17,13789.99,2358.69,73786.2,0,Normal
EMP00918,Management,2,91.4,110510.92,34045.12,26657.57,4.9,0.0,32853.0,7246.11,136191.1,0,Normal
EMP00711,Operations,7,60.5,40894.75,13854.02,8721.63,25.4,0.0,6731.1,1138.94,65338.42,0,Normal
EMP00129,Engineering,11,75.7,43396.29,19866.23,6574.88,2.7,5754.5,6856.5,1110.16,68723.71,0,Normal
EMP00057,Engineering,3,43.2,51306.66,19569.45,,4.0,9357.01,14060.04,2285.8,75535.77,0,Normal
EMP00087,Operations,19,95.9,24757.56,9198.99,5452.03,2.2,0.0,4306.52,1331.65,34281.03,0,Normal
EMP00716,Management,20,60.4,70477.05,31691.5,13708.77,4.7,0.0,14140.79,4053.32,100788.61,0,Normal
EMP00927,Sales,28,58.7,29343.14,10164.57,3798.3,6.4,5454.64,5538.72,764.34,44218.18,0,Normal
EMP00276,HR,9,70.6,40301.34,14040.13,8115.62,10.0,4785.3,6972.89,2753.99,61293.76,0,Normal
EMP01183,Engineering,18,80.7,0.0,13190.69,5207.51,0.0,27232.7,0.0,0.0,45630.9,1,ghost_employee
EMP00448,Operations,22,53.9,42936.34,13245.19,8014.97,21.6,0.0,7848.13,2386.8,62656.18,0,Normal
EMP00171,Finance,23,61.2,69002.97,23678.24,12401.09,0.6,0.0,12705.25,4225.98,88539.21,0,Normal
EMP00882,Finance,17,42.2,32220.58,13931.98,4939.93,8.3,3179.07,3250.15,761.25,52767.32,0,Normal
EMP00911,Finance,18,60.7,47293.31,23636.18,6773.71,1.1,0.0,12112.02,1445.72,64633.17,0,Normal
EMP01134,Engineering,23,70.6,458729.15,183491.66,68809.37,17.8,68809.37,91745.83,22936.46,741707.69,1,salary_spike
EMP00322,Operations,14,74.2,32754.6,10892.21,8082.3,8.1,0.0,7239.43,872.05,46104.93,0,Normal
EMP00561,Operations,26,75.9,29851.85,10558.8,6173.98,9.6,2692.07,6855.23,1043.55,44064.59,0,Normal
EMP00433,Finance,11,65.4,29801.74,11151.46,5989.07,19.5,,3757.05,729.69,49697.77,0,Normal
EMP00429,Sales,6,64.1,48372.98,17658.99,7821.7,3.1,0.0,10369.51,1903.01,62986.99,0,Normal
EMP00637,HR,25,68.5,34136.99,16737.3,,4.6,4986.48,5349.0,1064.05,56720.68,0,Normal
EMP00981,Sales,29,53.3,36488.06,15395.75,4957.27,8.2,0.0,5655.5,2121.26,51869.34,0,Normal
EMP00893,Operations,8,67.8,42801.58,13128.75,5629.1,4.9,0.0,11217.72,3091.3,49216.61,0,Normal
EMP00650,HR,26,53.4,37976.38,18386.39,6053.08,23.7,2247.54,7025.65,834.67,65240.95,0,Normal
EMP01132,Operations,12,42.3,32565.68,13026.27,4884.85,12.1,3256.57,-2681.5,-195.2,60304.24,1,negative_deduction
EMP01024,Management,25,74.2,76234.01,37171.17,11247.67,2.9,6611.01,8755.43,2310.02,122271.02,0,Normal
EMP00414,Finance,28,86.6,40057.02,12454.8,5617.04,0.9,0.0,5682.39,1915.55,50868.9,0,Normal
EMP00739,Sales,22,45.0,45929.04,18548.21,6524.23,7.5,0.0,6210.43,2046.63,65973.81,0,Normal
EMP00462,Finance,27,59.7,35569.8,13955.57,6524.52,11.4,,6698.13,2071.94,55764.79,0,Normal
EMP00434,Engineering,7,82.2,61095.9,29349.74,13664.25,7.5,0.0,9888.59,2910.68,95606.43,0,Normal
EMP00876,Engineering,7,81.3,77058.2,27271.08,9540.62,10.3,0.0,16421.99,2048.03,102840.81,0,Normal
EMP00781,Finance,3,57.2,46317.47,20596.86,4987.12,0.5,8449.49,9784.44,1658.25,69125.36,0,Normal
EMP00378,Engineering,8,90.6,38562.36,14291.6,6156.58,0.1,3981.54,4728.52,1604.52,56695.19,0,Normal
EMP00287,HR,14,89.1,35917.06,13975.63,6592.79,0.0,0.0,6451.33,2606.82,47427.33,0,Normal
EMP00895,Finance,6,83.8,52085.4,18161.1,5405.42,4.5,0.0,12759.58,2056.74,63032.95,0,Normal
EMP00877,Operations,16,,33212.27,11231.9,8050.35,14.5,2173.47,7632.72,2158.05,49392.01,0,Normal
EMP00234,HR,12,49.0,39671.52,14304.88,4471.11,2.4,4851.8,8341.47,3036.38,52814.07,0,Normal
EMP00763,Engineering,23,73.9,58585.03,21526.56,10613.68,9.7,0.0,17081.47,4205.33,74766.05,0,Normal
EMP00813,Engineering,9,87.3,43008.37,14795.84,10684.39,3.0,0.0,10207.18,3227.39,56263.64,0,Normal
EMP01042,Operations,14,72.0,32039.91,11530.42,7343.95,6.2,0.0,8543.6,1525.72,42707.28,0,Normal
EMP00725,Finance,28,48.5,41919.49,13961.58,8732.25,3.5,0.0,8597.12,2337.51,55054.17,0,Normal
EMP00901,Engineering,8,95.7,61134.43,29199.25,11316.51,0.5,0.0,18101.55,2950.75,80884.46,0,Normal
EMP00846,Sales,15,68.9,43616.24,19703.33,9480.59,16.8,0.0,9457.96,2644.35,67567.41,0,Normal
EMP00993,Sales,28,92.2,53391.37,22244.88,10878.4,1.2,0.0,5460.76,1170.54,80484.0,0,Normal
EMP01012,Management,8,99.7,50075.14,15323.25,7788.43,2.3,0.0,9374.55,2016.29,62875.73,0,Normal
EMP00717,Operations,13,60.1,41354.12,16038.87,9275.64,3.1,0.0,4696.14,3274.54,59899.8,0,Normal
EMP00267,Finance,25,83.1,62160.79,27446.74,9975.64,1.7,0.0,13845.79,4429.62,82298.45,0,Normal
EMP00200,Operations,28,91.0,37085.39,15539.76,4082.55,0.5,0.0,6638.21,1962.95,48280.38,0,Normal
EMP00175,Finance,25,74.6,56748.7,18574.99,10748.9,3.5,0.0,6268.11,2144.33,79522.22,0,Normal
EMP00359,Management,21,76.6,67068.67,28928.48,6945.37,1.8,0.0,17840.7,3146.36,83087.24,0,Normal
EMP00148,HR,28,77.3,44472.44,19590.47,8302.28,2.6,,7007.78,2730.51,70361.49,0,Normal
EMP01093,Finance,21,46.7,54148.1,20649.97,,0.1,0.0,8981.58,3162.41,74418.47,0,Normal
EMP00947,Engineering,17,57.6,77814.29,37789.45,8733.58,0.1,8361.95,13839.53,4183.51,114749.18,0,Normal
EMP00443,Sales,25,70.6,50271.69,22213.26,6205.05,26.5,0.0,14694.41,2267.4,74217.56,0,Normal
EMP00708,Operations,20,58.5,29022.31,10986.28,5495.43,16.1,0.0,6230.52,2200.5,41453.55,0,Normal
EMP00399,Operations,15,49.2,20000.0,7328.76,2250.57,0.3,0.0,4424.06,1001.62,24209.9,0,Normal
EMP00719,Engineering,10,75.9,58522.7,19433.81,8284.5,9.3,5675.37,15285.78,1567.61,80165.44,0,Normal
EMP00515,Engineering,15,48.5,49680.61,23907.18,12161.59,12.9,0.0,4972.14,3419.5,83365.99,0,Normal
EMP01186,Engineering,29,87.6,54652.05,21860.82,8197.81,360.9,5465.21,10930.41,2732.6,261424.68,1,impossible_overtime
EMP00328,Finance,28,84.8,65312.03,24257.27,14421.84,15.6,0.0,12996.87,3334.03,97212.12,0,Normal
EMP00874,Sales,22,74.5,49272.52,21052.91,7854.05,0.2,0.0,11778.4,2657.14,63836.33,0,Normal
EMP00771,Engineering,11,65.9,77479.57,29740.87,16623.54,0.6,12914.42,15854.77,5888.18,115451.27,0,Normal
EMP00169,Engineering,26,71.4,54707.74,21579.82,6454.62,7.9,0.0,16005.13,2583.59,68205.25,0,Normal
EMP00210,Engineering,2,75.5,34123.43,16898.02,8215.13,5.3,2737.04,6192.76,1696.05,55780.32,0,Normal
EMP01092,Finance,27,83.1,45934.29,21679.1,6648.57,0.9,0.0,11528.96,1954.85,61165.72,0,Normal
EMP00136,Sales,13,74.6,42241.97,18476.8,4809.42,1.5,0.0,12111.75,3101.33,50909.14,0,Normal
EMP00185,Sales,22,84.2,44020.07,16444.01,9822.95,7.3,5990.97,6479.82,1647.1,71163.7,0,Normal
EMP00721,Management,17,62.9,88395.74,29687.77,10488.32,10.7,0.0,20580.75,3103.68,113754.6,0,Normal
EMP00465,Management,24,62.6,69028.78,30772.77,15376.65,1.6,0.0,15777.68,1823.41,98612.54,0,Normal
EMP00693,HR,27,64.2,31011.3,12497.59,5670.57,8.4,4037.15,5190.81,1629.38,48838.56,0,Normal
EMP00159,Engineering,27,86.3,79903.13,27309.02,18724.05,31.8,14521.42,16527.49,1801.02,145950.23,0,Normal
EMP00141,Management,3,86.5,61970.84,18645.33,10349.58,8.3,8543.72,18230.64,4689.71,81411.23,0,Normal
EMP00428,Operations,9,43.9,33780.24,12180.69,4543.41,2.6,6497.2,4390.5,1477.19,51957.24,0,Normal
EMP00992,Finance,2,80.0,38695.57,18738.78,8314.86,1.9,7087.97,8152.6,1927.87,63445.97,0,Normal
EMP00529,Engineering,16,74.7,80887.7,28889.18,11648.07,2.9,0.0,15406.25,3763.65,104454.18,0,Normal
EMP01147,Management,11,44.7,83367.93,33347.17,12505.19,376.9,8336.79,16673.59,4168.4,411290.46,1,impossible_overtime
EMP00248,Management,28,74.5,27867.4,8781.6,5645.38,13.4,0.0,3637.58,1328.11,40829.53,0,Normal
EMP00382,Finance,1,96.4,68030.28,26116.12,14042.53,0.7,0.0,16919.73,2205.49,89510.16,0,Normal
EMP01202,HR,28,99.8,51374.42,20549.77,7706.16,16.3,25687.21,2568.72,1027.49,109572.0,1,duplicate_manipulation
EMP01095,Engineering,22,57.9,68512.6,26774.59,8282.36,2.5,11482.22,12319.12,4860.83,99477.58,0,Normal
EMP01010,HR,1,62.4,25760.28,11863.33,5603.07,3.5,2142.54,5282.71,1469.71,39462.06,0,Normal
EMP01143,Finance,7,62.5,252351.65,100940.66,37852.75,20.8,37852.75,50470.33,12617.58,415118.47,1,salary_spike
EMP00364,HR,7,96.6,39952.96,16028.79,9199.63,8.6,5307.78,6530.35,1413.35,65766.67,0,Normal
EMP00209,Engineering,26,48.3,68785.19,27807.05,9936.27,0.0,0.0,9510.09,2469.9,94548.52,0,Normal
EMP00983,Engineering,27,58.4,41275.29,19301.6,8832.95,25.4,0.0,7673.92,3259.79,68304.81,0,Normal
EMP00807,Management,20,79.4,103708.07,38900.25,13013.61,6.7,0.0,12995.56,7244.56,141895.97,0,Normal
EMP00164,HR,1,64.2,34612.8,13267.12,4450.91,1.7,0.0,4716.0,1371.82,46794.65,0,Normal
EMP00423,Engineering,6,54.9,82831.95,28565.32,16253.76,2.7,0.0,10495.07,4756.74,114495.9,0,Normal
EMP00964,Sales,25,88.6,35527.62,11847.45,6561.55,1.1,0.0,5845.6,1727.63,46729.77,0,Normal
EMP00157,Finance,28,100.0,64491.33,24928.86,10341.89,11.5,,10588.64,2061.33,94065.08,0,Normal
EMP00329,Sales,1,52.3,50264.85,24390.46,12164.77,8.8,9646.39,6342.73,3793.05,90477.54,0,Normal
EMP01197,Management,5,80.8,0.0,14643.97,8889.04,0.0,29457.03,0.0,0.0,52990.04,1,ghost_employee
EMP00221,Finance,18,55.2,60958.94,22531.59,8167.17,6.1,0.0,6288.99,3809.9,85044.9,0,Normal
EMP00197,Operations,4,80.7,29995.5,11955.39,3533.66,0.2,0.0,6120.04,1327.2,38093.55,0,Normal
EMP01001,Engineering,24,51.0,67006.99,31908.37,,9.2,0.0,11262.33,2835.71,102367.68,0,Normal
EMP00533,Management,1,58.8,103431.34,32199.95,22633.74,4.1,12450.72,21460.29,4466.85,148764.25,0,Normal
EMP00295,Engineering,14,73.6,74134.06,36483.25,17604.1,10.4,0.0,13956.1,5541.45,115951.93,0,Normal
EMP00199,Operations,28,76.9,38952.24,15821.91,5149.66,3.0,2478.93,10699.34,1975.71,50823.22,0,Normal
EMP00368,Management,21,55.1,85576.77,28672.01,9063.33,3.4,0.0,11271.08,3466.09,111302.7,0,Normal
EMP00942,Finance,19,67.0,41728.34,16209.74,6090.76,1.7,7573.03,9744.42,3075.64,59446.86,0,Normal
EMP00558,Engineering,3,63.6,61674.76,21762.26,13381.77,5.2,0.0,7347.81,1975.87,90501.75,0,Normal
EMP00653,Finance,23,89.9,57660.26,20398.51,9331.85,25.9,0.0,11949.42,2071.28,87370.55,0,Normal
EMP00668,Engineering,23,54.3,61985.17,22220.24,9924.17,5.5,10636.07,17113.14,3380.13,87468.49,0,Normal
EMP00291,Engineering,1,77.1,52923.14,26262.5,12898.31,8.7,0.0,14538.57,2894.08,78967.84,0,Normal
EMP00631,Operations,28,71.8,36797.48,11499.41,8636.01,4.2,4932.79,7378.24,2312.55,53623.8,0,Normal
EMP00990,Operations,16,82.9,35742.76,14816.14,5200.85,5.5,0.0,8211.51,1909.28,47481.95,0,Normal
EMP00977,Finance,10,41.3,57790.36,27015.46,6976.38,0.5,0.0,12382.62,2901.92,76768.55,0,Normal
EMP00539,HR,5,48.4,52093.71,17701.36,7334.44,8.7,4841.26,14685.79,1536.48,69997.39,0,Normal
EMP00528,Sales,27,76.2,37608.8,17177.89,7792.84,0.5,5909.01,10125.75,1181.95,57357.13,0,Normal
EMP00097,HR,29,44.8,36311.35,12650.38,3991.52,5.4,0.0,4009.11,2804.52,47977.88,0,Normal
EMP00466,Sales,8,93.7,40317.26,19043.38,4274.47,11.3,0.0,7111.8,2027.36,58767.06,0,Normal
EMP00848,Management,28,99.2,88805.37,38259.71,12086.46,5.0,0.0,9753.64,5768.18,127792.47,0,Normal
EMP00179,Management,8,96.8,87186.02,37399.88,15868.23,3.9,0.0,22947.94,3364.15,117329.78,0,Normal
EMP00032,Engineering,15,81.8,77160.49,28683.88,17832.62,4.3,0.0,14051.0,5687.04,107049.48,0,Normal
EMP00837,Management,2,65.1,90560.49,29709.72,11488.03,4.6,0.0,16146.11,6349.54,113168.01,0,Normal
EMP00885,Operations,11,77.0,42602.46,19263.57,6933.91,8.4,0.0,5068.71,2092.66,64993.51,0,Normal
EMP00917,Sales,2,75.9,42392.42,14765.25,7958.08,4.8,0.0,8934.02,2788.44,55300.95,0,Normal
EMP00571,HR,22,62.3,30686.34,12882.4,5595.07,6.5,5740.56,7095.58,1097.13,48581.61,0,Normal
EMP00245,Engineering,17,55.3,65995.93,32883.5,15831.32,19.2,0.0,15875.17,3825.17,106889.68,0,Normal
EMP00334,Engineering,3,90.1,52304.4,24562.59,5432.62,6.0,0.0,13863.89,3485.1,67892.74,0,Normal
EMP01198,Engineering,21,,402639.2,161055.68,60395.88,18.4,60395.88,80527.84,20131.96,653282.1,1,salary_spike
EMP00753,Finance,18,65.4,51349.37,22615.76,9663.96,0.6,0.0,10439.81,1382.53,72095.59,0,Normal
EMP00089,Operations,18,44.8,40201.61,13048.8,8547.48,0.6,3180.72,6543.07,1839.6,56822.07,0,Normal
EMP01002,HR,11,68.2,33305.66,15872.91,4890.22,7.2,3871.12,6505.05,2358.73,51324.26,0,Normal
EMP00383,Finance,6,73.3,68454.71,31220.35,,28.7,0.0,14796.31,5140.37,107790.19,0,Normal
EMP00366,Sales,21,79.8,61306.34,18869.23,9989.51,2.6,0.0,12639.64,4431.0,74588.78,0,Normal
EMP01136,Finance,21,44.1,49571.1,19828.44,7435.66,202.5,4957.11,9914.22,2478.56,163507.17,1,impossible_overtime
EMP01059,HR,2,93.4,42466.36,19566.84,4588.29,2.2,8176.12,11203.54,3113.7,61356.24,0,Normal
EMP00599,Engineering,12,50.2,57889.04,22579.67,12331.57,2.6,3844.03,15599.42,4517.24,77938.7,0,Normal
EMP00579,HR,21,54.5,44023.31,19428.63,5570.47,1.7,0.0,7864.06,2083.14,59776.83,0,Normal
EMP00824,Sales,26,59.3,55691.84,24077.64,9659.56,12.0,0.0,13469.79,4249.74,77974.84,0,Normal
EMP00591,Engineering,9,81.3,59796.26,20362.21,,1.6,6931.57,16563.75,2318.99,81202.74,0,Normal
EMP00530,Operations,20,53.9,30154.28,11656.24,5392.2,5.1,0.0,5574.86,732.45,42337.16,0,Normal
EMP01047,Engineering,8,50.4,63363.45,27550.36,13482.08,0.3,6583.52,15659.87,3423.51,92074.24,0,Normal
EMP00550,Operations,18,63.0,40751.63,20136.82,4897.79,4.4,0.0,9570.05,2040.14,55857.05,0,Normal
EMP00674,HR,18,48.0,48802.7,19434.17,8116.13,37.1,8985.31,10334.86,1604.31,90373.33,0,Normal
EMP00921,Operations,16,64.5,29060.24,8848.41,3304.54,13.8,0.0,7976.82,2198.95,34797.09,0,Normal
EMP00536,Management,29,90.2,66438.48,28458.71,16070.72,17.3,0.0,17026.27,4805.65,99911.48,0,Normal
EMP00011,Engineering,21,96.5,47646.54,19759.29,6088.78,8.7,2652.37,5677.12,1880.08,72475.95,0,Normal
EMP01089,Management,14,53.0,84844.28,33652.31,11927.74,8.5,0.0,14219.39,5155.05,117810.92,0,Normal
EMP00940,Finance,16,58.4,57384.74,28585.4,7448.35,7.0,6428.23,8348.58,4538.69,90725.32,0,Normal
EMP00244,Sales,16,76.5,24016.19,10976.31,3494.19,3.5,3861.34,5033.9,784.75,37317.41,0,Normal
EMP00060,Sales,29,77.6,56197.08,18106.68,8973.54,4.7,0.0,7594.16,2800.26,75359.06,0,Normal
EMP01076,Sales,12,77.7,59625.13,25844.06,13465.03,0.6,3274.61,11984.98,2425.18,88134.06,0,Normal
EMP00064,Sales,21,82.5,43679.48,21447.63,5707.48,16.1,0.0,7841.65,1204.16,68381.65,0,Normal
EMP01188,Finance,15,90.4,469136.59,187654.64,70370.49,0.5,70370.49,93827.32,23456.83,682447.14,1,salary_spike
EMP00278,Finance,26,56.1,54641.13,23819.38,,4.5,4713.6,13070.5,2998.81,75448.7,0,Normal
EMP00724,Operations,3,62.5,44317.91,14337.3,5609.45,3.9,5196.77,11923.52,2739.19,56419.09,0,Normal
EMP00603,Engineering,26,55.2,64040.1,21626.86,12351.79,11.9,0.0,15885.95,2921.15,86356.12,0,Normal
EMP00680,Operations,22,99.9,33819.18,11905.95,,3.4,0.0,4301.34,1363.86,49362.23,0,Normal
EMP01170,Engineering,5,72.1,48284.05,19313.62,7242.61,4.6,4828.41,-3846.82,-575.25,86173.01,1,negative_deduction
EMP00307,HR,6,99.4,20504.16,10174.89,3712.16,13.5,3893.06,2166.62,1010.86,37701.85,0,Normal
EMP00290,Finance,4,62.9,51381.34,24083.97,10775.85,2.2,0.0,15167.98,1954.51,70178.41,0,Normal
EMP00815,Operations,15,50.0,41724.96,15626.28,10111.92,5.6,5554.73,7634.4,2949.83,64624.22,0,Normal
EMP00598,Engineering,9,40.7,75426.58,26446.09,15469.37,10.2,0.0,17661.09,5289.99,101603.63,0,Normal
EMP00600,Engineering,6,79.2,86220.2,42378.62,19910.74,1.6,0.0,8786.51,3993.66,137022.69,0,Normal
EMP00271,Operations,12,88.8,48067.45,20485.6,7499.42,2.8,0.0,12097.65,2170.48,63046.11,0,Normal
EMP01004,Operations,19,53.5,32999.63,11294.0,6493.76,3.0,5851.33,6698.46,1417.98,49450.39,0,Normal
EMP00552,Operations,19,61.8,28945.64,11020.19,6504.89,19.3,0.0,6710.5,808.44,44189.13,0,Normal
EMP00309,Operations,7,92.5,23883.42,10951.0,3933.49,4.0,0.0,6153.68,1462.04,32047.82,0,Normal
EMP00293,Operations,20,63.5,26229.8,12347.86,6109.64,6.4,,5706.53,1366.37,41397.13,0,Normal
EMP00527,Sales,19,96.8,48101.33,15087.98,5843.94,2.1,0.0,9209.64,3046.67,57723.93,0,Normal
EMP00324,Sales,6,95.7,41114.94,18679.56,6548.51,1.9,0.0,6567.47,997.13,59510.77,0,Normal
EMP00084,Engineering,28,,63500.28,27184.16,,14.1,7328.38,9524.52,2031.52,103877.76,0,Normal
EMP00130,HR,17,59.5,37666.02,18018.46,8481.85,2.7,0.0,8504.27,2085.04,54530.44,0,Normal
EMP01111,Sales,6,67.8,60009.16,24003.66,9001.37,283.0,6000.92,12001.83,3000.46,243224.62,1,impossible_overtime
EMP00487,Engineering,14,85.7,56926.89,25089.95,12255.63,6.2,0.0,13134.81,1312.24,83134.3,0,Normal
EMP01102,Sales,2,44.2,47308.66,18923.46,7096.3,8.0,4730.87,-3096.15,-869.43,85573.02,1,negative_deduction
EMP00943,Finance,7,82.5,46490.41,20524.56,8520.3,1.6,3428.34,10315.71,2768.72,66576.54,0,Normal
EMP00261,Finance,24,88.1,51654.61,18181.44,9913.52,4.1,0.0,5275.69,3749.36,72709.99,0,Normal
EMP00768,Operations,9,64.8,23493.78,11256.69,3000.76,24.7,0.0,4660.58,688.29,37842.64,0,Normal
EMP00951,Finance,15,99.1,30165.46,10326.46,3984.83,3.2,0.0,8226.59,1010.36,36144.76,0,Normal
EMP00907,Operations,2,45.4,48119.72,16832.36,6698.26,8.7,0.0,5534.67,2110.01,67930.42,0,Normal
EMP01099,Operations,5,43.3,27754.14,13607.55,4312.17,2.5,0.0,5178.77,1604.86,39540.72,0,Normal
EMP00139,Sales,6,62.3,39775.4,16965.9,4875.3,12.7,5966.56,10169.55,1931.36,60218.01,0,Normal
EMP00954,Management,9,40.3,89157.05,38328.78,19773.24,2.6,0.0,24320.9,5096.31,120015.06,0,Normal
EMP00142,Sales,12,66.0,39470.1,13158.96,6916.25,1.4,0.0,6896.26,1864.8,51302.3,0,Normal
EMP00666,Engineering,4,94.3,77249.11,24163.62,12959.38,30.3,0.0,10869.5,6141.33,119304.86,0,Normal
EMP00845,Engineering,5,77.4,61166.89,29460.77,9327.38,1.3,0.0,12270.91,2958.5,85471.1,0,Normal
EMP00395,Sales,22,80.0,44104.07,17702.67,5041.28,11.7,0.0,13015.35,896.98,57773.36,0,Normal
EMP00140,Management,20,52.5,67724.28,29850.93,16606.77,10.8,6274.2,15015.44,1852.6,110445.22,0,Normal
EMP00742,Sales,4,,32912.42,10253.75,6470.37,0.5,6501.51,6280.79,2624.14,47387.4,0,Normal
EMP00866,Finance,27,62.3,45209.65,17024.13,5470.28,10.7,8239.8,5104.09,2956.81,72418.05,0,Normal
EMP00225,Sales,16,95.9,55506.84,23828.63,8541.47,3.2,9472.58,11798.87,3791.18,83424.68,0,Normal
EMP00614,Engineering,3,51.5,59736.06,23110.73,10261.08,6.1,0.0,10848.31,1813.38,83862.34,0,Normal
EMP00275,HR,26,60.1,37551.03,15243.16,6082.36,27.4,0.0,8690.2,1948.14,57884.13,0,Normal
EMP00356,Finance,16,91.7,69245.34,24249.74,13182.06,6.0,0.0,7379.14,4359.95,98833.1,0,Normal
EMP00888,Engineering,28,49.9,52974.14,23297.48,9871.15,4.6,0.0,7567.89,3075.42,77783.97,0,Normal
EMP00594,Sales,1,42.7,47277.28,20613.95,9212.42,9.9,0.0,9174.86,2223.68,70093.03,0,Normal
EMP00677,Engineering,3,91.5,56690.63,25674.52,12588.64,11.8,0.0,8528.8,4487.73,88208.66,0,Normal
EMP00590,Engineering,13,76.3,39438.02,18796.11,7922.15,5.3,0.0,10004.8,845.49,57265.57,0,Normal
EMP00890,Engineering,20,70.2,68942.54,26644.17,11772.7,3.6,3765.9,13001.38,3874.54,96576.2,0,Normal
EMP00744,HR,26,94.4,52402.47,18175.31,5669.15,10.8,2964.78,15532.9,1095.05,67889.51,0,Normal
EMP01041,HR,17,95.2,37381.46,13653.61,8237.36,8.5,0.0,6458.76,2147.07,53645.44,0,Normal
EMP00507,Management,15,52.8,79724.42,28542.07,11064.85,3.9,0.0,10685.35,2751.64,108809.27,0,Normal
EMP00597,Finance,24,64.4,53397.16,22244.47,10893.73,0.8,7469.82,10819.09,2295.34,81291.23,0,Normal
EMP00310,Sales,24,86.0,27191.41,13094.83,4265.14,5.1,0.0,4127.85,1023.49,40700.13,0,Normal
EMP00667,Engineering,12,92.2,69652.4,32384.79,10671.39,15.4,9005.19,9134.94,2218.03,120416.87,0,Normal
EMP01075,Management,13,41.3,99817.27,41409.95,11559.86,2.3,0.0,15040.43,4502.44,135396.52,0,Normal
EMP01173,Finance,17,81.4,51983.36,20793.34,7797.5,309.3,5198.34,10396.67,2599.17,223512.2,1,impossible_overtime
EMP00937,Engineering,1,46.2,32497.93,15367.84,6038.71,6.3,0.0,4052.26,1924.98,49846.65,0,Normal
EMP00868,Engineering,7,91.5,51885.44,22409.43,9458.11,8.2,4123.14,11643.4,1766.27,78455.14,0,Normal
EMP00412,Management,13,94.1,54553.14,20910.94,6714.67,3.2,0.0,11329.42,4131.92,68354.0,0,Normal
EMP00040,Sales,15,61.8,52523.66,24459.95,6450.29,0.6,0.0,11998.61,3401.85,68328.89,0,Normal
EMP00031,Finance,7,47.7,57500.81,20693.34,7632.15,1.8,0.0,14965.76,3418.23,68412.64,0,Normal
EMP00243,Management,14,96.7,81415.43,39775.09,13748.51,5.4,0.0,9719.66,3516.3,125824.73,0,Normal
EMP00463,Operations,6,97.1,26479.09,12821.15,5744.04,9.0,0.0,7652.38,1554.76,38071.31,0,Normal
EMP00137,HR,1,92.4,39458.68,15734.65,4909.4,3.0,0.0,10790.8,1698.18,48723.53,0,Normal
EMP01009,Engineering,20,,64521.86,23053.91,8374.6,2.8,8810.66,18241.34,5053.72,83159.67,0,Normal
EMP00959,Engineering,26,91.5,74346.65,29066.04,17836.72,10.8,7098.84,11516.96,5099.79,119259.1,0,Normal
EMP00004,Finance,20,64.5,55185.57,21989.52,10855.65,17.0,0.0,8533.45,3991.37,84301.12,0,Normal
EMP00714,Sales,2,93.0,46643.45,21809.62,5225.37,18.1,0.0,9369.93,3142.86,69080.46,0,Normal
EMP01110,Engineering,19,95.8,42702.99,17081.2,6405.45,8.6,184715.05,8540.6,2135.15,243671.87,1,bonus_abuse
EMP01053,Management,17,43.8,51724.23,24462.03,10642.58,1.4,0.0,9890.99,2973.9,74642.83,0,Normal
EMP00416,Sales,23,41.5,53124.84,18340.03,8567.35,0.8,5027.5,7878.48,3003.68,74576.0,0,Normal
EMP00847,Engineering,20,64.0,59207.56,24833.49,14735.41,6.0,8868.76,16817.28,4290.79,89867.58,0,Normal
EMP00766,Finance,19,47.3,62632.9,21373.5,12141.24,4.0,9420.48,10366.58,3359.15,94191.12,0,Normal
EMP00944,Operations,14,77.4,28631.79,10818.41,5388.47,0.5,0.0,6548.39,1164.95,37259.54,0,Normal
EMP00315,Operations,1,71.9,39758.03,17949.24,7041.72,12.0,0.0,5396.19,1349.24,62476.34,0,Normal
EMP00498,Engineering,5,75.3,33376.23,15771.21,3562.9,2.6,0.0,4547.3,2251.57,46725.02,0,Normal
EMP00320,Sales,25,41.8,41436.66,17739.99,5834.27,9.8,0.0,6386.84,2496.91,59934.16,0,Normal
EMP01189,Operations,23,53.5,172821.06,69128.42,25923.16,7.5,25923.16,34564.21,8641.05,262742.02,1,salary_spike
EMP00377,Operations,24,,30540.07,10887.51,5749.25,20.3,3748.15,6830.87,1549.3,48356.97,0,Normal
EMP00006,Engineering,21,85.8,62595.18,29614.75,11448.62,5.7,0.0,11959.8,1575.83,93467.85,0,Normal
EMP00101,Engineering,19,61.6,54014.19,22172.83,11682.55,0.5,0.0,11730.4,4106.78,72285.58,0,Normal
EMP01046,Finance,9,,46749.72,17347.13,9319.42,2.5,0.0,12586.14,2755.69,59170.14,0,Normal
EMP00788,Sales,16,46.5,54709.98,25074.22,9621.0,2.9,0.0,9180.01,2915.41,78797.21,0,Normal
EMP00630,Sales,6,96.5,38403.27,13422.4,7375.18,2.6,0.0,5222.84,1833.36,53080.73,0,Normal
EMP00835,HR,5,69.1,39983.02,18416.19,5419.24,8.2,,9198.47,1867.25,55826.42,0,Normal
EMP01213,Operations,5,52.9,0.0,15828.64,8485.33,0.0,,0.0,0.0,50789.87,1,ghost_employee
EMP00585,Finance,24,68.0,55400.72,27110.16,10382.49,1.5,0.0,13048.1,4259.38,76364.96,0,Normal
EMP00333,Engineering,12,83.3,43210.15,15742.93,10739.88,21.3,0.0,4882.75,3324.8,70113.94,0,Normal
EMP00228,Sales,24,82.2,38856.68,11840.37,6667.91,3.3,5276.14,9585.18,2468.31,51789.74,0,Normal
EMP00430,Engineering,29,85.9,66480.43,29419.2,9046.64,20.7,0.0,10020.49,3764.36,104062.78,0,Normal
EMP00544,Finance,8,58.8,39312.25,13966.22,4027.01,0.1,0.0,6477.84,1255.44,49609.06,0,Normal
EMP00661,Sales,19,64.0,41255.87,18197.64,6225.34,2.7,0.0,6005.03,2042.64,58675.47,0,Normal
EMP00406,Operations,1,69.3,34553.85,12318.26,5500.48,2.4,0.0,6564.63,1577.78,45007.64,0,Normal
EMP00067,Engineering,9,76.4,67883.58,21408.61,13051.93,4.9,10548.73,13313.98,4043.78,98653.49,0,Normal
EMP00068,Operations,17,97.0,26787.88,10718.5,6337.77,36.0,0.0,5635.25,1181.55,46068.26,0,Normal
EMP00343,Engineering,19,49.7,54764.35,20786.76,8000.11,1.5,5519.32,14083.29,2072.81,73684.56,0,Normal
EMP00212,Finance,14,43.1,37683.63,11432.82,9328.02,2.9,0.0,6611.61,1895.86,50961.52,0,Normal
EMP00013,Operations,19,45.3,37286.92,12681.09,4951.94,4.3,0.0,7968.01,1048.7,47406.37,0,Normal
EMP00694,Engineering,6,60.6,58621.5,23865.44,11096.14,5.7,0.0,12726.56,3875.12,80113.99,0,Normal
EMP00669,Engineering,27,44.9,52282.19,20326.47,6131.23,7.4,8382.3,9763.42,3948.14,77037.71,0,Normal
EMP00300,Engineering,3,42.4,39122.92,19413.92,7030.16,6.8,0.0,9336.37,3126.59,55598.13,0,Normal
EMP00621,Engineering,21,45.9,45581.22,20183.84,8279.91,20.9,0.0,13612.05,1616.55,67747.44,0,Normal
EMP00782,HR,4,,35174.46,14320.62,5616.27,9.7,0.0,6411.68,1146.4,50751.95,0,Normal
EMP01094,HR,10,54.6,37795.16,13819.67,6008.23,19.2,0.0,4824.42,1877.95,57723.82,0,Normal
EMP00452,Finance,27,51.2,40116.85,17767.15,7738.88,11.6,0.0,7351.15,1931.37,60703.07,0,Normal
EMP00863,HR,2,76.5,40323.86,13612.69,9273.02,14.4,3511.44,7918.29,1208.59,63037.85,0,Normal
EMP01157,Finance,23,94.7,56127.75,22451.1,8419.16,5.8,5612.78,11225.55,2806.39,-40815.4,1,net_salary_inconsistency
EMP00821,Operations,8,98.2,47923.01,21170.14,9611.68,16.2,4100.32,12898.43,1237.23,75947.8,0,Normal
EMP00595,Operations,1,89.1,44906.26,17137.59,5355.02,32.9,0.0,12336.43,1667.44,67245.78,0,Normal
EMP00480,HR,19,73.8,48435.08,16109.85,9758.34,6.7,0.0,7574.64,1266.27,68504.69,0,Normal
EMP01139,Engineering,15,44.4,31496.02,12598.41,4724.4,3.9,155622.24,6299.2,1574.8,197718.64,1,bonus_abuse
EMP00651,Engineering,3,66.6,52957.78,22077.56,11303.21,0.8,0.0,8213.19,3766.0,74756.54,0,Normal
EMP00941,Sales,5,68.5,43918.77,19822.56,6018.13,1.7,0.0,5896.75,3191.58,61371.09,0,Normal
EMP00274,Management,6,42.9,66423.03,32652.69,10178.31,1.9,0.0,6827.61,3341.73,100267.85,0,Normal
EMP00969,Finance,18,46.7,47526.58,16874.68,9886.65,1.6,2770.79,7267.74,1686.69,68817.17,0,Normal
EMP00238,Engineering,13,56.4,54553.33,21647.6,7265.73,20.1,10461.6,11184.97,3741.29,89281.89,0,Normal
EMP00440,Engineering,27,46.6,65061.89,28119.93,9147.48,5.8,0.0,14153.61,4945.02,86768.41,0,Normal
EMP00003,Operations,8,60.5,28341.16,11400.37,4915.59,4.6,0.0,3496.19,1439.54,40943.6,0,Normal
EMP00007,Engineering,11,45.8,57435.08,28496.29,8949.88,1.2,0.0,16178.74,4376.2,74972.45,0,Normal
EMP00312,Engineering,7,84.0,84277.03,41466.58,11602.87,3.3,0.0,12049.16,3207.17,124697.47,0,Normal
EMP01048,Engineering,13,40.7,50994.17,15936.34,11310.09,4.9,0.0,7258.68,2713.18,70611.28,0,Normal
EMP00586,Engineering,23,53.7,63818.53,20497.31,14159.49,3.2,0.0,8587.68,1539.63,90262.58,0,Normal
EMP00534,Finance,19,66.6,67176.62,25176.74,13533.01,0.5,7064.04,7020.02,2674.82,103570.46,0,Normal
EMP00632,Operations,21,89.9,42460.73,16635.61,9404.57,53.8,6763.67,11450.96,2724.12,82505.63,0,Normal
EMP00216,Engineering,12,80.6,59158.05,20889.69,8999.58,1.8,5129.7,6608.39,3780.59,84786.33,0,Normal
EMP00454,Management,26,68.5,79835.86,25587.65,13102.9,17.0,0.0,18986.71,2110.99,110152.55,0,Normal
EMP00028,HR,8,69.6,34283.92,15240.62,4328.98,20.3,0.0,9558.98,2459.16,48360.04,0,Normal
EMP01177,Finance,6,55.9,38862.78,15545.11,5829.42,3.9,3886.28,7772.56,1943.14,-27914.4,1,net_salary_inconsistency
EMP00804,Finance,16,70.9,64493.57,20206.67,14596.5,3.2,9784.86,11654.62,1677.77,97684.02,0,Normal
EMP00391,Management,11,75.0,68313.0,23323.1,9129.88,14.5,4855.34,15888.32,3883.66,95135.64,0,Normal
EMP01206,Management,16,86.5,0.0,17024.87,7196.21,0.0,28709.91,0.0,0.0,52930.99,1,ghost_employee
EMP00491,HR,6,40.5,44646.88,19688.12,8652.54,1.1,0.0,12749.29,1280.07,59418.6,0,Normal
EMP01040,Sales,21,86.3,41013.51,18852.22,6021.18,3.5,6783.13,9926.99,1392.0,62696.81,0,Normal
EMP00760,Operations,15,88.7,34377.3,11106.58,6524.28,2.2,0.0,4788.64,2694.28,45234.27,0,Normal
EMP00555,Operations,20,48.7,32418.56,12466.42,3744.83,12.8,4331.56,8448.57,2170.22,46232.81,0,Normal
EMP00355,Engineering,3,60.8,38168.74,17462.57,7605.42,5.4,0.0,10009.08,2986.11,52173.83,0,Normal
EMP01069,Sales,6,40.9,32345.31,11686.13,5714.35,11.5,5881.42,9202.23,1721.15,48191.06,0,Normal
EMP01208,Management,20,49.1,68947.31,27578.92,10342.1,3.5,234557.3,13789.46,3447.37,326451.13,1,bonus_abuse
EMP00257,Management,18,50.0,76567.72,35391.49,15865.83,13.1,0.0,21641.19,4523.0,111064.32,0,Normal
EMP00292,Engineering,23,83.1,55186.95,25310.31,7343.56,14.6,9143.58,9154.17,2348.55,93035.39,0,Normal
EMP00026,Operations,20,52.1,44507.15,17596.73,10092.8,43.7,0.0,9949.37,3523.16,76958.17,0,Normal
EMP00337,Operations,3,91.1,35843.0,13826.09,7283.54,10.4,6885.95,9779.62,1646.76,55906.89,0,Normal
EMP01078,Finance,14,99.2,55463.69,26203.3,11345.3,19.5,0.0,7008.51,2632.19,93511.05,0,Normal
EMP00048,HR,29,91.3,35246.63,15994.38,4621.93,7.8,0.0,10383.98,2010.51,46045.86,0,Normal
EMP00319,Engineering,10,52.6,56250.41,19657.72,5956.38,1.4,0.0,10988.56,1656.16,69958.08,0,Normal
EMP00107,Sales,5,58.7,47784.5,17052.13,11467.36,1.0,0.0,8990.7,2901.13,64860.14,0,Normal
EMP00827,Sales,18,48.4,45633.57,21032.46,6858.99,1.0,0.0,9829.96,993.56,63129.31,0,Normal
EMP00056,Management,10,96.3,118938.59,45376.09,19565.13,0.3,0.0,12635.44,5284.42,166294.46,0,Normal
EMP00542,Finance,24,49.9,52031.48,16664.36,10149.09,4.2,,13396.53,3116.09,64381.05,0,Normal
EMP00214,Engineering,18,78.5,68929.92,31806.41,16919.44,1.4,0.0,10409.62,1953.31,106197.55,0,Normal
EMP00121,Operations,9,93.4,31430.53,10980.72,6472.71,0.1,0.0,9264.1,749.91,38899.42,0,Normal
EMP00584,Sales,16,84.7,56466.11,26720.84,14079.0,2.1,7034.27,6435.58,3094.23,95882.09,0,Normal
EMP00439,Operations,4,76.6,34951.43,14614.16,7014.42,6.6,0.0,4886.79,863.18,52992.66,0,Normal
EMP00562,Engineering,2,88.0,66134.08,23642.43,10150.88,0.7,0.0,12078.66,2215.04,86067.69,0,Normal
EMP00073,Engineering,12,98.2,48292.94,18379.07,8821.86,6.2,,14156.14,3747.57,60397.19,0,Normal
EMP00715,Sales,17,49.6,27937.09,13179.4,4791.93,27.2,0.0,6951.02,1797.15,44284.21,0,Normal
EMP00772,Operations,28,88.5,43640.38,13250.3,7790.25,3.0,0.0,12207.43,2983.3,50717.59,0,Normal
EMP00523,Management,26,86.8,67956.69,28831.2,,4.0,8344.29,11135.61,5365.95,104100.07,0,Normal
EMP01084,Operations,11,88.2,38741.55,14500.71,9025.12,3.8,0.0,9613.95,925.54,53108.06,0,Normal
EMP00925,Sales,24,81.7,38136.28,13826.52,6796.14,16.8,3356.91,7734.65,778.65,59609.01,0,Normal
EMP00960,Operations,24,84.2,42174.71,18344.2,4344.87,9.0,0.0,11168.66,2008.04,55245.57,0,Normal
EMP00573,Sales,9,83.7,60505.86,25999.43,11560.87,28.6,0.0,11923.05,2318.99,100047.25,0,Normal
EMP00583,HR,21,,36259.16,15211.94,8377.42,5.1,3978.99,9870.2,1591.38,54099.57,0,Normal
EMP00459,Engineering,16,83.1,71682.49,33368.29,17215.62,3.0,0.0,16824.12,1931.16,105527.19,0,Normal
EMP01137,Operations,7,70.5,406677.04,162670.82,61001.56,29.5,61001.56,81335.41,20333.85,702153.34,1,salary_spike
EMP00326,Operations,28,85.2,26171.29,7914.74,3974.66,3.1,0.0,6525.78,938.61,31356.9,0,Normal
EMP01003,Operations,20,92.3,46139.72,19923.55,7572.45,11.2,0.0,7346.05,3214.77,67919.57,0,Normal
EMP00980,Finance,2,54.4,53158.37,24230.67,10697.27,2.7,0.0,11657.36,3638.28,74136.24,0,Normal
EMP00317,Sales,14,79.3,48830.36,19306.55,9080.31,1.6,5248.03,8969.64,1559.14,72668.93,0,Normal
EMP01067,Engineering,3,85.5,31248.4,9888.7,4011.65,4.6,0.0,4500.46,2315.01,39680.87,0,Normal
EMP00858,HR,26,61.6,37157.33,12941.9,7789.31,1.2,0.0,4049.26,1724.43,52532.87,0,Normal
EMP00702,Engineering,24,72.8,59408.39,21704.77,14032.43,7.0,10943.87,6084.25,2131.14,101772.75,0,Normal
EMP00709,Sales,1,93.1,20181.84,8288.16,2262.23,2.2,3031.37,5763.53,1354.06,27062.26,0,Normal
EMP01043,Sales,8,46.0,39670.84,13745.99,4784.1,9.0,0.0,7571.34,887.32,53089.5,0,Normal
EMP00537,Operations,23,41.7,38679.78,16798.47,5584.34,1.3,0.0,9128.78,884.03,51521.19,0,Normal
EMP00567,Sales,27,75.4,46844.66,14761.54,11413.46,4.3,0.0,11917.58,2740.44,60250.07,0,Normal
EMP00061,Sales,13,87.6,41142.34,18993.24,9221.35,9.0,0.0,12015.76,1155.57,59656.98,0,Normal
EMP00747,Sales,13,82.5,40353.93,17080.21,6355.03,0.2,0.0,4760.36,2573.85,56530.62,0,Normal
EMP00093,Operations,27,81.7,22795.8,9509.79,4595.84,4.3,0.0,5393.8,1416.21,31010.38,0,Normal
EMP00889,Engineering,19,54.2,55840.63,20865.94,6936.45,0.3,0.0,12118.77,2302.55,69378.75,0,Normal
EMP00426,HR,10,65.8,35836.18,16831.72,8398.34,5.3,0.0,7673.84,2265.54,52907.47,0,Normal
EMP00352,Operations,11,41.2,35324.73,17315.68,5615.42,8.8,0.0,6837.16,1511.69,52821.27,0,Normal
EMP00967,Operations,15,70.6,33949.94,14918.53,8139.87,26.3,0.0,7531.42,1752.03,56095.67,0,Normal
EMP00281,Operations,2,42.7,33046.75,15247.54,4082.0,6.0,3527.81,3764.99,760.2,53237.79,0,Normal
EMP00678,Sales,26,43.5,26084.05,9962.39,6288.23,1.5,0.0,6837.83,804.05,35059.6,0,Normal
EMP00431,Engineering,20,94.9,45568.13,21114.26,9152.7,0.5,5575.42,6635.28,3478.97,71509.86,0,Normal
EMP00360,Finance,28,62.1,59844.17,20830.55,13479.42,13.1,0.0,6574.16,3445.51,91484.08,0,Normal
EMP00761,Engineering,14,80.7,52834.24,22249.96,8565.55,1.9,0.0,7940.25,1233.37,75417.24,0,Normal
EMP00568,Sales,17,86.2,51652.57,25324.46,9548.58,16.8,0.0,13721.12,3565.86,77373.91,0,Normal
EMP00862,HR,14,93.4,37366.27,14999.27,8243.93,7.5,4252.41,8891.83,1310.75,57286.62,0,Normal
EMP00546,Sales,12,91.6,36087.95,17902.29,5360.13,8.7,3036.08,10014.86,761.87,54553.14,0,Normal
EMP00514,Operations,18,97.3,27533.86,12846.36,5495.03,3.8,0.0,6791.65,1829.24,38235.25,0,Normal
EMP00775,Operations,24,69.7,35542.84,14034.13,3981.36,12.0,0.0,9183.99,1623.22,46749.69,0,Normal
EMP00183,Management,20,66.9,57936.22,27696.0,11517.67,2.9,7274.11,13187.36,3659.73,89152.05,0,Normal
EMP00997,Management,25,78.5,68367.91,20944.42,13725.29,1.3,0.0,18021.57,4473.84,81375.44,0,Normal
EMP01214,Engineering,9,64.2,51716.29,20686.52,7757.44,335.7,5171.63,10343.26,2585.81,235163.67,1,impossible_overtime
EMP00111,Sales,2,79.4,41192.38,18525.41,6081.33,19.2,7195.77,7322.78,2305.03,70781.71,0,Normal
EMP00371,Engineering,20,85.7,52776.55,25865.36,5504.48,5.6,7942.5,7741.22,3385.01,83733.43,0,Normal
EMP00240,Engineering,21,64.9,55623.35,21957.98,12307.27,3.4,0.0,10589.23,3668.2,77404.16,0,Normal
EMP00733,Finance,26,85.4,51940.86,17304.08,11502.37,4.7,6597.28,14187.41,2578.3,72867.52,0,Normal
EMP01164,Sales,24,88.7,38103.41,15241.36,5715.51,8.4,230907.02,7620.68,1905.17,283442.09,1,bonus_abuse
EMP00615,Operations,3,74.9,25432.94,11309.76,4777.18,5.2,2854.84,6040.14,512.68,39061.76,0,Normal
EMP00205,Finance,11,81.9,55979.6,24379.59,10067.58,1.3,0.0,13181.0,4060.93,73867.09,0,Normal
EMP00856,Engineering,14,41.0,43305.65,14743.44,9521.77,0.4,0.0,10022.64,1567.13,56143.49,0,Normal
EMP00262,Management,2,99.3,86569.3,31947.4,20843.49,9.0,0.0,19438.98,2778.81,124446.68,0,Normal
EMP01051,Operations,28,80.2,34141.58,11245.7,7810.77,14.3,6322.64,10079.08,2576.92,51441.8,0,Normal
EMP00672,Operations,1,80.3,43709.99,17507.0,6910.16,9.5,6910.22,8724.31,3359.05,66846.93,0,Normal
EMP00340,Engineering,29,59.4,58837.38,25446.39,7482.79,6.1,0.0,13173.04,1843.51,80114.77,0,Normal
EMP00740,Sales,28,94.1,50135.41,21134.61,6007.57,0.7,0.0,12467.0,3696.22,61443.38,0,Normal
EMP00833,Engineering,18,44.3,49424.59,22556.99,7280.47,6.0,0.0,13626.66,2565.86,65849.66,0,Normal
EMP00494,Engineering,9,96.8,66211.84,32669.39,7216.53,22.7,0.0,16761.7,4519.1,98907.67,0,Normal
EMP00184,Operations,14,96.3,23285.0,8323.97,5582.19,8.2,0.0,3670.42,935.36,34375.41,0,Normal
EMP00138,Operations,11,91.8,20000.0,7550.6,3785.64,5.6,0.0,2934.44,1284.18,28167.62,0,Normal
EMP01180,HR,20,61.5,34255.72,13702.29,5138.36,1.7,3425.57,-3784.62,-884.02,61736.53,1,negative_deduction
EMP00731,Engineering,5,,60145.8,19048.83,12079.54,29.5,0.0,8661.79,3651.51,95594.94,0,Normal
EMP00655,Sales,22,64.9,42795.66,20502.08,5890.05,0.1,0.0,8046.62,2890.74,58290.55,0,Normal
EMP00081,Operations,27,56.9,38520.12,14032.84,8038.75,2.1,0.0,9496.93,844.09,51009.05,0,Normal
EMP00520,Engineering,19,67.9,35637.26,12741.27,6238.01,2.0,0.0,8208.54,1239.33,45836.87,0,Normal
EMP00819,Engineering,29,54.3,50298.9,22360.25,5609.02,1.1,0.0,7072.74,1996.3,69717.84,0,Normal
EMP00814,Management,4,61.1,70914.05,26245.58,14370.53,1.6,3876.06,19024.21,3083.97,94361.75,0,Normal
EMP00030,Engineering,16,97.3,67529.93,22074.66,8986.59,0.5,0.0,18122.45,3246.23,77539.05,0,Normal
EMP00472,Management,14,83.6,44441.6,22029.93,6130.89,5.1,0.0,11586.3,2312.81,60828.17,0,Normal
EMP00166,Operations,28,73.4,38393.33,18047.54,5809.53,22.3,0.0,6795.3,1157.31,62324.4,0,Normal
EMP00249,Management,7,81.7,117590.74,43877.36,21135.27,3.3,0.0,28461.04,7107.19,150673.1,0,Normal
EMP00308,Sales,4,56.4,62618.48,21166.4,14195.6,7.3,0.0,16638.11,1337.17,84290.65,0,Normal
EMP00789,HR,20,55.0,37442.51,14612.27,4092.7,13.4,0.0,4815.72,1698.86,54336.62,0,Normal
EMP00483,HR,25,58.0,33706.18,12702.88,6821.45,4.7,0.0,9257.43,1442.93,44015.33,0,Normal
EMP00347,Finance,3,99.2,51377.47,23232.97,6455.09,10.4,0.0,9891.39,1030.34,75153.1,0,Normal
EMP00335,Engineering,11,63.9,61600.63,27459.85,11736.73,2.4,0.0,7711.67,2286.88,92184.67,0,Normal
EMP00286,Engineering,8,,63414.07,21126.4,14705.69,1.8,0.0,11699.21,2826.17,85790.89,0,Normal
EMP00985,Operations,1,72.7,34734.16,17095.6,5613.12,6.9,0.0,5757.16,1117.03,52815.56,0,Normal
EMP00098,Sales,12,91.3,45168.5,20000.18,4646.63,3.2,0.0,12504.86,3109.97,55555.53,0,Normal
EMP00971,Finance,26,54.9,51855.2,22151.92,12028.48,13.4,2664.33,9858.05,2851.61,82504.58,0,Normal
EMP01056,Sales,25,58.9,43286.49,17180.74,5966.92,31.3,0.0,9274.74,2214.4,67646.89,0,Normal
EMP00946,Engineering,3,82.8,55255.74,23172.62,10626.4,14.7,8497.2,15400.16,2071.59,87695.14,0,Normal
EMP00623,Sales,6,58.3,40911.47,13903.93,8004.99,5.7,5785.71,5998.06,1998.23,62796.02,0,Normal
EMP00705,Engineering,12,63.9,72912.26,35597.53,8860.33,0.8,0.0,21332.24,5508.16,91076.56,0,Normal
EMP00635,Engineering,19,80.4,36692.12,15945.46,5677.13,0.7,0.0,5702.14,2541.37,50311.99,0,Normal
EMP00830,HR,12,43.9,40270.51,12616.46,9806.2,6.9,0.0,12023.2,2907.3,50367.67,0,Normal
EMP00839,Finance,27,94.6,59584.27,25269.38,12014.09,6.3,0.0,10046.43,4134.77,86205.74,0,Normal
EMP00713,HR,9,90.4,38468.94,16748.92,8627.27,3.4,3771.0,5867.54,2061.67,60913.12,0,Normal
EMP00066,HR,2,88.8,39358.63,14165.69,6950.23,12.0,5966.58,5781.66,2215.77,62871.55,0,Normal
EMP00658,Sales,23,50.5,40257.06,15735.24,9879.01,9.4,0.0,5746.59,3058.2,60614.17,0,Normal
EMP00769,Sales,5,55.2,50273.06,17136.24,5476.65,12.9,2802.94,5224.48,3566.48,72977.83,0,Normal
EMP00589,Engineering,17,85.3,57172.26,25573.55,9170.75,35.5,0.0,8804.23,2887.12,99252.85,0,Normal
EMP01103,Operations,14,84.9,35754.38,14301.75,5363.16,11.3,3575.44,-2515.51,-378.34,65676.31,1,negative_deduction
EMP01118,Sales,28,41.7,0.0,6693.04,5449.97,0.0,37478.24,0.0,0.0,49621.25,1,ghost_employee
EMP00303,HR,22,58.9,33182.95,12855.05,6959.28,0.6,,8437.25,1416.31,49034.85,0,Normal
EMP00255,Engineering,20,63.2,47514.77,19749.98,11673.08,7.8,7748.33,6805.41,3095.31,80259.96,0,Normal
EMP00994,Finance,23,92.2,40472.08,16940.32,9909.42,11.4,0.0,9685.03,2296.33,59665.91,0,Normal
EMP00966,Sales,4,94.6,33115.38,14510.39,6684.67,15.6,0.0,8950.99,2202.55,48000.02,0,Normal
EMP00313,Engineering,3,46.2,71611.27,28951.86,16229.4,16.3,13613.17,7738.75,2150.35,131459.7,0,Normal
EMP00549,HR,26,50.2,46299.93,15550.89,7010.26,30.9,6754.67,10054.98,2269.42,76703.86,0,Normal
EMP00222,Finance,9,92.5,44568.68,16684.19,8561.44,1.7,0.0,9429.04,1875.04,59220.54,0,Normal
EMP00478,Finance,12,49.0,63406.38,25315.11,14395.35,11.7,0.0,6534.22,4405.69,99131.82,0,Normal
EMP00389,Operations,17,94.3,30346.55,11116.33,6823.56,0.6,0.0,6159.91,811.3,41485.93,0,Normal
EMP00236,Operations,1,89.9,33429.2,11554.71,5760.51,2.1,3066.18,4184.01,1085.83,49198.9,0,Normal
EMP00840,Finance,10,82.9,35194.22,15782.87,6406.73,1.1,2504.73,6410.28,921.47,52919.74,0,Normal
EMP00718,Management,5,42.5,57422.79,24238.7,12490.63,6.0,0.0,14052.28,2986.87,80343.0,0,Normal
EMP00737,Sales,13,81.4,32350.75,10386.83,3653.04,9.1,0.0,5538.24,2143.82,41468.48,0,Normal
EMP00306,Management,6,83.9,74153.04,31475.64,16679.94,3.2,0.0,16972.49,3532.2,104028.52,0,Normal
EMP01162,HR,6,86.4,39480.93,15792.37,5922.14,4.4,3948.09,7896.19,1974.05,5690.19,1,net_salary_inconsistency
EMP00850,Finance,15,66.1,62206.7,25863.14,13971.21,8.4,0.0,16840.97,1445.3,88653.56,0,Normal
EMP00797,Management,12,80.7,90433.4,43440.12,10372.81,7.5,8675.81,10630.86,2807.28,145842.6,0,Normal
EMP00950,Finance,18,58.4,33349.14,13524.26,5926.53,13.7,3866.04,5936.59,948.66,54064.0,0,Normal
EMP01158,Engineering,10,86.0,51496.26,20598.5,7724.44,20.5,25748.13,2574.81,1029.93,111859.53,1,duplicate_manipulation
EMP00250,Operations,26,95.5,33883.28,11692.32,3554.32,4.5,2367.97,7978.44,1778.55,43170.35,0,Normal
EMP00886,Engineering,8,72.0,75527.36,25493.84,11606.42,32.4,12877.09,12582.97,5272.61,130590.57,0,Normal
EMP00616,Management,12,70.4,88002.85,26560.21,15946.66,3.9,8715.92,13198.09,4140.91,125104.24,0,Normal
EMP00072,Engineering,1,45.1,36721.76,11551.94,3864.48,2.3,0.0,4918.94,1546.49,46464.56,0,Normal
EMP00095,Operations,12,57.1,34635.31,10887.79,8290.71,16.7,0.0,10048.44,2206.56,46981.4,0,Normal
EMP00576,Management,28,61.0,75017.36,36983.79,8570.34,5.1,11073.93,21003.5,2487.4,111741.29,0,Normal
EMP00034,Management,29,41.5,73532.74,26159.42,10256.87,0.0,0.0,13325.34,5713.92,90909.77,0,Normal
EMP00794,Finance,22,64.9,60843.03,19174.07,11175.71,35.0,0.0,11824.92,3675.13,95656.88,0,Normal
EMP00449,Sales,14,92.5,40425.36,14272.79,9294.41,6.9,0.0,6225.98,1261.43,59120.17,0,Normal
EMP00446,Management,29,67.7,85790.56,35753.61,18794.37,0.7,0.0,8958.84,5702.38,126240.32,0,Normal
EMP00853,Engineering,26,46.0,63070.88,24899.39,10182.85,7.9,7537.52,6547.31,2356.4,101458.12,0,Normal
EMP00728,Operations,6,,44189.1,19729.56,7841.02,3.1,5112.9,8799.97,1819.72,67537.14,0,Normal
EMP00984,Engineering,8,47.6,56302.72,25930.9,8270.29,0.3,7406.02,11872.25,2052.13,84143.9,0,Normal
EMP00078,Engineering,8,44.0,77573.88,37688.93,12982.44,3.4,0.0,16611.12,2880.91,111225.89,0,Normal
EMP00085,Sales,13,72.6,44194.21,21911.32,5569.55,0.0,0.0,9806.95,1498.7,60369.43,0,Normal
EMP00559,Operations,27,40.3,38647.1,13181.24,4550.03,3.9,5041.96,10933.92,1439.21,50460.23,0,Normal
EMP00083,Sales,6,58.2,32808.9,11325.82,6274.63,3.3,0.0,8748.63,1195.39,41480.36,0,Normal
EMP00458,HR,29,73.2,43724.36,21275.62,5694.19,1.1,8355.55,11242.99,3378.44,64879.2,0,Normal
EMP00762,Sales,16,76.4,70737.97,22879.54,17238.27,4.2,12156.15,9529.42,3850.81,112417.01,0,Normal
EMP00437,Engineering,5,66.4,59662.94,26899.02,12570.54,3.4,0.0,9649.08,4733.21,86651.97,0,Normal
EMP00610,Finance,4,92.9,40644.28,18276.79,5260.87,0.1,0.0,9869.67,1337.21,53013.16,0,Normal
EMP00923,Operations,21,64.2,30105.85,13750.77,5496.72,4.4,0.0,3515.18,1511.09,45568.94,0,Normal
EMP00405,Sales,13,59.6,35654.89,14540.74,5353.95,14.9,2630.55,7770.83,1772.73,53617.11,0,Normal
EMP01064,Sales,5,71.9,36412.37,15467.96,4560.35,3.9,4714.36,10563.91,1639.41,50283.05,0,Normal
EMP00629,Engineering,16,55.6,75723.57,26818.35,11068.18,2.7,0.0,22656.68,5013.3,87856.87,0,Normal
EMP00671,Engineering,2,60.2,50533.52,18202.64,8197.74,6.3,0.0,5413.27,3954.31,70550.96,0,Normal
EMP00105,Management,20,53.0,90255.81,31976.0,22042.62,1.4,0.0,10524.53,5805.86,129128.65,0,Normal
EMP01135,Sales,11,58.9,431361.61,172544.64,64704.24,3.9,64704.24,86272.32,21568.08,641245.99,1,salary_spike
EMP00627,HR,20,71.8,43056.67,15055.85,8757.58,1.2,0.0,4434.82,1299.55,61620.12,0,Normal
EMP00063,Operations,22,73.4,39863.17,12535.5,4168.47,15.8,0.0,10375.36,1201.72,50894.79,0,Normal
EMP00282,Sales,16,58.0,50676.78,19861.9,11356.43,9.8,0.0,11036.76,3669.91,71844.37,0,Normal
EMP00875,Engineering,23,90.0,59407.45,21677.92,7126.01,9.5,5488.13,10907.2,3738.53,84344.76,0,Normal
EMP00239,Finance,22,40.1,58003.92,26072.12,9115.24,4.4,0.0,8155.28,3581.2,83847.46,0,Normal
EMP00224,Sales,21,80.2,38146.96,13731.39,7119.93,19.9,0.0,7679.37,991.67,57444.03,0,Normal
EMP00146,Engineering,26,41.5,61870.99,27978.53,13158.51,4.3,7257.15,18113.57,1610.61,93035.17,0,Normal
EMP01138,Engineering,10,66.6,66152.19,26460.88,9922.83,9.8,379046.51,13230.44,3307.61,471122.09,1,bonus_abuse
EMP00374,Finance,19,43.7,48382.98,20128.18,10552.61,0.3,0.0,12227.45,3738.95,63233.45,0,Normal
EMP00119,Operations,2,79.1,41725.15,19521.85,4236.88,1.5,0.0,8341.85,3109.99,54618.8,0,Normal
EMP00831,Engineering,19,43.0,40851.52,18518.12,7757.87,8.3,0.0,5124.27,2299.8,62882.2,0,Normal
EMP00251,Sales,26,82.7,51973.65,17627.73,8905.13,15.1,0.0,5451.28,3669.63,76743.12,0,Normal
EMP01176,Operations,20,65.5,26875.35,10750.14,4031.3,0.3,2687.53,-1932.34,-431.22,46783.47,1,negative_deduction
EMP00010,Operations,21,44.0,49367.02,22358.6,9164.08,0.6,3946.19,11722.53,3333.27,70057.78,0,Normal
EMP00450,Engineering,24,50.3,45931.06,19305.32,6587.25,1.1,5026.77,6493.16,1872.01,68958.89,0,Normal
EMP00906,Operations,22,94.1,45519.32,21347.39,5461.29,9.2,0.0,9819.29,3496.0,62938.75,0,Normal
EMP00390,Operations,2,87.7,26881.95,12661.56,5936.81,0.9,1560.13,3605.82,1007.36,42654.09,0,Normal
EMP01184,Management,8,45.3,69160.32,27664.13,10374.05,366.0,6916.03,13832.06,3458.02,334130.8,1,impossible_overtime
EMP00934,HR,4,51.6,32734.91,13876.5,5383.29,14.8,5843.49,7164.57,953.53,54262.06,0,Normal
EMP00461,Engineering,6,94.1,55124.23,24412.61,12319.77,19.2,6859.89,13172.71,3528.04,91938.11,0,Normal
EMP01211,HR,9,68.7,31934.17,12773.67,4790.13,18.0,3193.42,6386.83,1596.71,175338.59,1,net_salary_inconsistency
EMP00145,Sales,26,51.9,36859.39,18179.4,7345.6,3.8,0.0,6607.03,778.94,56311.54,0,Normal
EMP00502,HR,8,42.5,20000.0,7586.21,4786.58,21.2,2609.73,5754.31,876.27,32326.94,0,Normal
EMP01220,Finance,3,57.7,0.0,16449.62,7963.74,0.0,19833.09,0.0,0.0,44246.45,1,ghost_employee
EMP00540,Engineering,17,93.2,56638.42,21730.28,,4.3,0.0,5868.1,3495.79,78803.05,0,Normal
EMP00178,Sales,25,63.4,26982.74,9798.12,,13.5,0.0,3749.49,1007.82,38608.68,0,Normal
EMP01178,Operations,17,77.0,151477.75,60591.1,22721.66,17.3,22721.66,30295.55,7573.89,244210.53,1,salary_spike
EMP00723,Engineering,6,77.7,35618.42,12321.11,8749.35,0.4,0.0,9895.65,2757.81,44168.99,0,Normal
EMP00722,Engineering,21,84.4,54572.3,23945.78,12620.94,0.4,0.0,10113.25,3636.6,77593.82,0,Normal
EMP01215,Operations,13,81.6,0.0,18755.68,5156.84,0.0,17193.78,0.0,0.0,41106.3,1,ghost_employee
EMP00008,Operations,20,61.1,22874.05,8726.83,4557.66,32.5,2590.85,2765.38,976.53,41976.92,0,Normal
EMP00736,Operations,6,73.3,35689.15,13235.47,8828.72,2.2,0.0,5101.72,1862.88,51524.83,0,Normal
EMP00873,Finance,9,61.3,44104.4,21514.73,8879.03,21.4,0.0,4522.96,2183.5,76640.15,0,Normal
EMP00358,Finance,21,41.3,42378.04,15752.58,5724.08,5.9,0.0,9718.31,1657.91,54822.52,0,Normal
EMP00330,Engineering,6,62.3,36153.99,12499.71,5785.79,4.6,3134.82,8649.64,1914.17,48569.64,0,Normal
EMP00729,Engineering,4,41.1,42810.14,17251.92,8009.64,1.7,7669.65,6963.08,2490.79,66969.77,0,Normal
EMP00860,Engineering,17,44.4,65169.06,25088.14,12170.58,3.9,0.0,12646.66,3933.79,88230.07,0,Normal
EMP00259,Finance,26,48.0,59570.75,22495.89,9689.18,4.0,0.0,16935.46,1593.1,75461.16,0,Normal
EMP00900,Engineering,7,86.3,33032.41,15841.81,6746.64,6.0,2738.32,8798.41,1305.04,50113.8,0,Normal
EMP00924,Operations,21,44.6,34703.71,14340.83,5590.93,14.6,0.0,6822.02,723.39,51840.13,0,Normal
EMP01192,Operations,23,78.0,25177.37,10070.95,3776.61,17.8,2517.74,-2037.69,-518.07,48299.9,1,negative_deduction
EMP00622,Engineering,28,65.0,62779.37,19981.31,8479.05,26.2,0.0,7610.01,2108.49,96941.41,0,Normal
EMP00859,Finance,10,74.8,26100.63,8952.06,4254.45,2.4,1924.72,7413.17,1324.5,33081.45,0,Normal
EMP00526,HR,28,61.4,50782.07,19343.17,8175.33,10.8,0.0,14455.62,3875.94,65110.69,0,Normal
EMP00843,Engineering,7,62.9,42996.02,20555.62,4768.7,1.4,0.0,12413.51,1642.9,54828.25,0,Normal
EMP00979,HR,24,46.6,44671.96,13572.63,7817.98,15.2,,5507.57,3403.13,71374.58,0,Normal
EMP01175,Sales,26,91.5,496408.53,198563.41,74461.28,5.7,74461.28,99281.71,24820.43,746319.19,1,salary_spike
EMP01160,HR,18,88.7,200943.21,80377.28,30141.48,23.7,30141.48,40188.64,10047.16,336014.72,1,salary_spike
EMP00441,Engineering,13,77.7,55981.95,17673.01,6280.3,0.8,0.0,6315.25,2339.37,71700.5,0,Normal
EMP00532,Management,19,96.7,85387.27,31293.68,20069.39,3.5,0.0,15820.66,5507.15,118224.3,0,Normal
EMP00995,Sales,11,74.7,50725.11,18818.25,8066.98,5.6,0.0,8887.46,3194.18,68191.77,0,Normal
EMP00229,Operations,8,42.5,32426.92,15555.59,4949.09,24.3,0.0,8893.26,1056.46,50369.14,0,Normal
EMP01091,Management,20,40.0,91188.29,33947.65,22004.53,7.3,13974.05,15151.72,3946.07,148257.43,0,Normal
EMP00213,Finance,9,96.9,35758.5,16235.49,4968.67,20.8,3191.47,8325.11,2320.09,56481.84,0,Normal
EMP00080,Engineering,15,75.1,28614.33,13769.85,3074.39,4.1,4013.25,5235.55,2040.9,43295.23,0,Normal
EMP00149,Engineering,27,79.7,55715.56,20035.9,13129.59,24.9,0.0,6911.75,2233.31,92742.09,0,Normal
EMP00738,Operations,27,98.3,20000.0,6889.45,4443.16,10.1,0.0,3136.42,1193.52,28896.42,0,Normal
EMP00732,Operations,3,74.2,40544.84,12318.57,,4.2,6227.42,7205.07,1293.57,59170.13,0,Normal
EMP00611,Engineering,11,65.3,48033.72,23195.95,5707.97,11.5,3302.96,13077.01,3023.15,69319.08,0,Normal
EMP00134,Sales,16,90.1,49896.26,24589.66,,1.4,0.0,4992.05,3774.25,78314.41,0,Normal
EMP00808,Management,28,63.1,77874.77,35881.8,9270.34,8.0,0.0,15210.82,1751.85,111904.85,0,Normal
EMP00409,Management,24,63.4,89697.61,29203.15,16665.76,4.8,0.0,17922.23,4574.57,117106.11,0,Normal
EMP00696,Finance,8,85.7,63496.27,23541.74,11845.05,27.3,0.0,7453.69,2074.39,105606.06,0,Normal
EMP00508,Operations,8,66.0,39634.33,18797.88,4129.02,2.7,3467.42,6469.15,1740.35,58822.39,0,Normal
EMP00909,Sales,17,69.7,42678.9,13377.75,8104.51,2.5,0.0,7384.16,1810.37,55966.92,0,Normal
EMP00505,Finance,23,47.9,33731.97,11180.62,3442.43,10.7,0.0,10081.06,1682.06,39975.64,0,Normal
EMP00851,Engineering,10,83.6,59917.82,25553.65,8010.93,16.2,0.0,8890.94,1242.14,92449.34,0,Normal
EMP00348,Engineering,10,86.0,49847.13,18660.02,8111.21,20.5,0.0,12811.43,3136.09,70250.84,0,Normal
EMP00387,Sales,19,41.8,38587.85,16138.44,4151.51,5.3,6319.06,8300.25,1419.89,57394.05,0,Normal
EMP00001,Sales,4,47.8,54784.54,24782.31,10143.86,3.4,0.0,8480.78,2699.38,80276.81,0,Normal
EMP00361,Sales,12,64.9,39345.45,13311.3,9686.99,1.6,3532.94,10642.46,1132.46,54691.94,0,Normal
EMP01153,Management,20,59.7,75572.08,30228.83,11335.81,12.7,7557.21,15114.42,3778.6,401795.49,1,net_salary_inconsistency
EMP00476,Management,22,96.0,90798.72,37446.71,22415.73,1.1,12427.57,18526.22,6670.05,138828.82,0,Normal
EMP00803,Finance,5,87.8,51853.07,25595.36,12543.03,5.1,0.0,9720.19,3307.0,79443.49,0,Normal
EMP00779,Operations,18,66.6,29851.6,10467.6,3890.98,9.3,0.0,4505.92,1109.39,41197.56,0,Normal
EMP00173,HR,26,50.0,38266.02,16131.06,6655.34,3.0,0.0,6706.59,2626.7,52795.36,0,Normal
EMP00451,Operations,24,,39292.08,14118.11,6685.63,7.0,0.0,9068.79,1606.19,51999.38,0,Normal
EMP00126,Sales,14,76.6,48843.73,17294.52,5462.73,13.7,0.0,7250.2,3646.07,66978.08,0,Normal
EMP00662,Management,23,99.2,77808.54,29996.77,13685.73,6.2,9315.88,16866.69,5143.77,113319.08,0,Normal
EMP00531,Operations,25,42.8,40936.76,17893.0,8378.73,1.5,0.0,5377.15,1775.81,60631.2,0,Normal
EMP00091,Engineering,1,76.0,77159.64,30911.45,16659.98,6.5,0.0,11015.33,2070.71,116346.95,0,Normal
EMP01181,Operations,24,78.6,39180.17,15672.07,5877.03,15.6,185256.96,7836.03,1959.01,241921.29,1,bonus_abuse
EMP00182,Engineering,23,84.4,73887.84,25110.27,15512.75,2.2,0.0,11799.16,3167.28,101068.36,0,Normal
EMP01182,Sales,22,60.9,215294.93,86117.97,32294.24,22.7,32294.24,43058.99,10764.75,357995.09,1,salary_spike
EMP00415,Finance,26,53.7,41909.17,20728.93,6460.77,3.7,7331.97,4222.09,1060.78,72601.69,0,Normal
EMP00252,Sales,1,62.1,32640.85,10711.44,5260.47,3.6,2928.62,5952.04,2144.65,44546.32,0,Normal
EMP00070,Management,18,46.5,67397.83,29750.57,11807.52,34.7,0.0,10205.63,3927.66,116747.99,0,Normal
EMP00132,Engineering,13,85.0,41099.62,19809.55,5255.0,4.0,0.0,9493.53,1478.87,56733.01,0,Normal
EMP00301,Engineering,5,59.9,74704.18,30920.66,15061.54,3.3,9393.3,8529.97,2549.24,121311.63,0,Normal
EMP00842,Finance,25,59.2,71328.22,24179.91,17002.16,12.7,0.0,14430.22,1439.92,105132.67,0,Normal
EMP00327,Finance,21,66.4,51978.84,15687.61,10430.28,6.6,9910.06,14115.01,2685.1,74422.87,0,Normal
EMP01194,Management,23,59.9,79183.85,31673.54,11877.58,19.1,7918.39,-1998.83,-608.69,147439.74,1,negative_deduction
EMP00500,Management,8,73.2,93664.79,43085.87,14161.91,9.7,0.0,11896.14,2591.8,144942.27,0,Normal
EMP00963,Engineering,14,70.5,29178.22,14248.84,4924.63,1.1,3628.26,4897.29,1502.56,45881.0,0,Normal
EMP01071,Sales,15,96.3,60666.74,18891.37,10260.85,22.6,0.0,15468.61,2939.88,84264.24,0,Normal
EMP00496,Sales,5,66.4,39977.11,16029.19,7631.61,3.6,0.0,8106.37,1774.75,55106.02,0,Normal
EMP00339,HR,2,57.3,33790.43,13387.02,8136.04,2.9,0.0,8409.55,2344.15,45478.47,0,Normal
EMP00999,Management,19,40.3,58514.54,18544.02,10898.86,2.1,0.0,8802.72,1947.16,78359.54,0,Normal
EMP00165,Engineering,22,82.1,51155.83,23758.61,6532.34,1.3,8716.87,12400.26,1766.5,76620.35,0,Normal
EMP00029,Finance,11,43.3,44616.17,19564.48,8964.04,3.4,0.0,8904.22,3272.5,62390.11,0,Normal
EMP00517,Sales,24,44.1,40443.49,17584.99,9445.89,16.3,0.0,11453.13,1307.22,60894.29,0,Normal
EMP00194,Finance,21,42.3,32659.69,9924.15,3777.69,17.2,1722.92,4240.98,2088.2,47021.64,0,Normal
EMP00784,Sales,7,78.8,45812.39,21269.67,,4.2,0.0,5739.1,1160.69,69888.5,0,Normal
EMP01117,Operations,10,94.0,134434.61,53773.84,20165.19,10.5,20165.19,26886.92,6721.73,208163.59,1,salary_spike
EMP00170,Finance,15,69.1,73564.97,35019.23,15466.22,13.2,0.0,9219.98,3708.84,120225.27,0,Normal
EMP01216,Operations,1,96.5,37022.03,14808.81,5553.3,370.0,3702.2,7404.41,1851.1,180251.0,1,impossible_overtime
EMP00174,Engineering,20,49.0,56440.38,20265.5,8183.36,8.1,0.0,9743.74,1280.35,78151.09,0,Normal
EMP00519,Management,19,70.5,55305.78,22662.75,10208.78,23.6,0.0,7582.71,3428.01,89402.99,0,Normal
EMP00953,Engineering,27,49.9,58205.52,28882.95,9315.61,7.3,0.0,9353.08,3832.58,87201.86,0,Normal
EMP01114,Management,18,52.1,68212.43,27284.97,10231.86,24.2,6821.24,13642.49,3410.62,-55486.54,1,net_salary_inconsistency
EMP00492,Finance,9,92.8,33666.12,15601.74,7139.3,21.9,0.0,9642.88,943.88,52732.48,0,Normal
EMP00074,Operations,20,42.3,38017.7,13650.56,6300.55,38.8,0.0,3914.73,2631.88,65251.14,0,Normal
EMP01028,Operations,10,95.3,47924.66,16397.84,10965.39,1.2,0.0,11108.39,3127.42,61591.23,0,Normal
EMP00588,Engineering,26,65.5,69081.69,33777.3,10076.36,3.4,0.0,7758.47,2744.97,104633.89,0,Normal
EMP00235,Engineering,21,68.1,51891.49,16249.25,8821.76,5.0,0.0,8920.6,3388.73,67085.58,0,Normal
EMP00215,Operations,19,92.6,31258.39,10129.01,5147.79,27.0,0.0,3920.01,1098.57,49428.89,0,Normal
EMP01195,Management,21,72.2,769626.63,307850.65,115443.99,1.5,115443.99,153925.33,38481.33,1126781.47,1,salary_spike
EMP00133,Engineering,7,52.9,73040.78,27424.15,11385.33,6.3,10267.38,11442.52,5402.62,109586.47,0,Normal
EMP00802,Engineering,15,92.4,51455.18,21011.84,5497.36,2.6,0.0,12520.4,3248.59,63449.61,0,Normal
EMP00757,Finance,29,97.2,46790.08,22183.43,10475.82,6.3,4582.55,5835.4,2595.25,78364.77,0,Normal
EMP00975,Engineering,20,43.1,53816.94,21044.28,7449.81,9.7,0.0,11752.7,3275.97,72176.34,0,Normal
EMP00186,Finance,23,67.5,61518.08,19170.17,11380.28,9.5,8957.69,15139.78,3227.93,88137.46,0,Normal
EMP00042,HR,7,70.4,42540.97,12884.09,6495.28,21.1,0.0,5183.87,1536.3,63615.31,0,Normal
EMP00109,Engineering,13,75.3,57358.25,24429.54,10996.7,1.1,0.0,15099.31,4401.55,73875.14,0,Normal
EMP00880,Engineering,24,54.0,51361.84,21523.73,12775.23,0.5,0.0,6512.42,4035.23,75353.91,0,Normal
EMP00569,Management,4,65.7,73430.85,26395.32,13009.69,1.8,8952.56,9847.52,3936.96,109243.09,0,Normal
EMP01006,Finance,5,48.0,52863.54,25227.47,7127.79,4.2,6532.25,15623.43,3343.56,74865.56,0,Normal
EMP01033,Engineering,17,57.4,45284.76,15102.39,10947.75,1.1,8652.09,9216.71,1103.96,70133.32,0,Normal
EMP01174,Operations,13,96.1,0.0,14985.11,4120.73,0.0,32822.4,0.0,0.0,51928.24,1,ghost_employee
EMP00484,Finance,10,56.9,46672.83,14237.02,8695.33,13.6,0.0,11247.32,1877.85,62430.8,0,Normal
EMP00469,Engineering,27,58.2,54154.01,18360.82,7804.14,7.7,8430.37,15836.65,3788.98,73032.95,0,Normal
EMP00025,HR,5,82.0,37885.04,11510.35,6952.58,7.3,4050.09,7374.04,2127.94,53488.84,0,Normal
EMP00683,Engineering,9,51.0,61163.2,19211.26,11637.58,5.3,0.0,6851.17,4136.48,84063.44,0,Normal
EMP01161,Engineering,25,59.6,53295.9,21318.36,7994.39,10.7,204991.55,10659.18,2664.8,279622.46,1,bonus_abuse
EMP00778,Operations,20,56.6,28229.15,12356.64,3603.98,3.6,0.0,3783.57,860.28,40498.65,0,Normal
EMP01031,Engineering,16,87.4,54683.13,19342.1,6671.58,12.7,0.0,10772.49,4015.93,72419.1,0,Normal
EMP00367,Management,18,80.3,58623.23,18009.28,6307.47,6.5,9265.75,6468.32,3505.02,85804.74,0,Normal
EMP00870,Management,10,77.8,91076.61,32276.57,16206.33,48.5,0.0,23991.44,4940.12,152039.35,0,Normal
EMP01120,Finance,7,82.4,573694.81,229477.92,86054.22,7.1,86054.22,114738.96,28684.74,870044.03,1,salary_spike
EMP00384,Operations,12,76.0,30571.29,12083.83,7203.71,5.8,0.0,5430.28,2106.69,43984.17,0,Normal
EMP00455,Engineering,11,61.1,68030.75,27400.8,10173.5,8.4,8044.13,14491.53,1955.05,102560.02,0,Normal
EMP00265,Operations,12,96.2,36608.79,14423.78,5608.46,3.5,0.0,5504.61,2567.34,49770.31,0,Normal
EMP00786,Management,8,80.8,60784.41,24132.56,13729.5,9.5,11834.94,8882.29,2573.29,104439.44,0,Normal
EMP01016,Management,19,41.8,72605.34,28534.04,9251.52,0.9,0.0,15657.05,3682.12,91664.34,0,Normal
EMP00445,Operations,11,92.6,37139.14,16940.14,9158.21,7.4,0.0,7057.14,2156.1,56600.78,0,Normal
EMP00396,Management,11,57.0,51993.88,19855.55,8709.43,0.5,4810.79,8664.69,1621.12,75327.56,0,Normal
EMP01121,Sales,14,90.2,0.0,18164.58,4397.84,0.0,42938.03,0.0,0.0,65500.45,1,ghost_employee
EMP00177,Finance,1,51.7,47168.86,21118.42,5880.11,7.3,0.0,8832.03,1356.62,67206.86,0,Normal
EMP00019,Sales,3,85.5,29586.13,9245.41,5493.82,4.3,3325.79,7925.58,2266.24,38652.02,0,Normal
EMP01063,Operations,22,47.2,28697.73,9436.27,4520.17,19.3,5282.28,6173.17,1943.84,45011.94,0,Normal
EMP00844,Management,28,76.8,67800.59,30509.96,9633.79,0.9,9836.34,7347.96,1797.83,109206.96,0,Normal
EMP00596,HR,5,99.4,38148.9,11562.13,7125.22,0.4,0.0,9634.88,1445.18,45899.25,0,Normal
EMP00062,Sales,8,56.8,44511.19,21789.9,5590.88,5.7,0.0,10621.88,2215.08,61433.58,0,Normal
EMP00273,Operations,23,45.5,37421.08,12231.27,4336.4,5.3,5862.7,9855.8,1387.99,50467.02,0,Normal
EMP01145,Finance,3,46.0,35565.19,14226.08,5334.78,355.4,3556.52,7113.04,1778.26,168290.04,1,impossible_overtime
EMP00279,Operations,4,,47909.69,15103.43,7631.48,5.2,0.0,8072.55,3202.63,61705.02,0,Normal
EMP01025,Management,22,53.3,49698.11,15755.33,10999.38,1.7,7558.46,6001.29,1299.71,77502.34,0,Normal
EMP00695,Engineering,2,64.1,64192.96,23839.8,14814.9,4.7,0.0,10471.84,1627.45,93576.87,0,Normal
EMP00369,Engineering,8,59.5,62605.32,29634.48,11650.38,21.6,5537.06,16436.31,3820.3,101848.21,0,Normal
EMP00919,Operations,27,47.0,30018.81,11474.34,3787.21,0.6,2505.47,7398.38,2196.31,38360.0,0,Normal
EMP00849,HR,20,89.3,42443.05,20280.38,9810.55,0.9,0.0,9112.52,3239.05,60540.52,0,Normal
EMP00891,Operations,12,56.3,27581.17,8446.18,5047.93,14.0,0.0,2946.64,1067.95,40680.72,0,Normal
EMP01005,Operations,17,68.6,37309.55,17632.47,7901.5,4.8,0.0,4964.93,2064.98,57492.54,0,Normal
EMP00799,Finance,24,94.0,52138.23,16339.85,6662.82,1.4,0.0,14555.03,3285.9,57984.28,0,Normal
EMP00548,Finance,13,63.9,55903.18,22570.36,10257.49,3.7,3863.54,15408.2,1190.6,77934.91,0,Normal
EMP00912,Sales,24,48.9,34410.78,12571.22,3474.44,8.5,3347.57,8640.12,1942.01,45963.99,0,Normal
EMP00689,Operations,16,63.3,48290.07,15553.57,6007.24,2.0,0.0,4918.26,2024.06,63814.0,0,Normal
EMP00933,Management,26,64.6,74434.24,34792.34,16488.98,0.4,0.0,9788.11,4776.07,111430.51,0,Normal
EMP00457,Engineering,7,91.1,54699.68,20449.81,12448.89,7.8,0.0,6755.15,2637.34,82205.8,0,Normal
EMP00394,Operations,28,45.4,28840.21,14078.55,6908.95,5.6,0.0,5719.1,1656.16,43966.56,0,Normal
EMP00676,Management,8,52.7,59846.89,19215.56,6536.29,3.7,3487.49,8109.04,3929.16,79123.97,0,Normal
EMP00945,Engineering,2,78.7,67912.09,23482.31,11135.88,7.1,0.0,7986.54,4999.61,94064.53,0,Normal
EMP01000,Sales,13,99.5,50272.39,21183.25,6586.82,1.4,6310.97,7075.51,1492.34,76445.41,0,Normal
EMP00376,Sales,25,69.1,61894.71,27961.26,6563.23,3.3,0.0,15967.16,4614.62,77752.29,0,Normal
EMP00413,Management,2,94.9,77997.93,31550.32,9545.97,3.0,4374.74,14889.54,3328.8,107444.31,0,Normal
EMP00075,Operations,20,85.2,47524.19,16466.03,10734.62,15.6,0.0,9325.44,3385.48,68964.33,0,Normal
EMP01141,Engineering,29,98.6,234229.81,93691.92,35134.47,6.4,35134.47,46845.96,11711.49,353687.01,1,salary_spike
EMP00894,Sales,7,43.5,46509.85,22131.11,9829.42,0.5,5738.5,11066.57,2487.99,70872.33,0,Normal
EMP00501,Finance,7,83.8,43658.39,17923.58,7499.6,11.6,0.0,8457.95,2808.96,62562.51,0,Normal
EMP00938,Management,17,82.6,82070.47,34255.17,10432.62,0.8,0.0,24293.71,4951.64,98128.44,0,Normal
EMP00617,Engineering,27,63.9,69359.58,28984.73,7831.03,17.5,0.0,15817.46,2853.87,98883.32,0,Normal
EMP00115,Finance,24,64.9,49558.26,15331.86,10449.86,0.6,0.0,6923.71,2481.24,66213.8,0,Normal
EMP00418,Sales,4,,47482.24,17131.05,5151.92,27.1,2596.43,8356.49,1406.35,74662.26,0,Normal
EMP00602,Sales,13,87.3,26153.14,12238.63,5480.06,0.2,0.0,7360.76,1851.46,34708.65,0,Normal
EMP00605,Engineering,8,81.3,70477.03,34914.42,7319.28,5.0,0.0,14513.26,2386.11,99114.97,0,Normal
EMP00090,HR,24,63.2,37305.77,17822.15,4432.78,1.7,0.0,4788.9,1659.1,53707.26,0,Normal
EMP01168,Finance,14,53.0,86394.76,34557.9,12959.21,8.5,43197.38,4319.74,1727.9,177946.19,1,duplicate_manipulation
EMP00499,Management,9,59.1,89746.33,30141.41,18857.74,3.2,13235.75,23518.98,4542.31,126612.33,0,Normal
EMP00908,Sales,8,47.9,48679.15,20218.42,7928.13,10.1,4357.81,14052.28,1607.8,70132.74,0,Normal
EMP00915,Finance,28,99.8,51355.25,24219.38,10794.42,16.3,0.0,11688.49,1126.04,81402.24,0,Normal
EMP00913,Finance,28,78.2,73880.37,33219.33,12887.39,0.3,0.0,16352.97,3590.4,100251.51,0,Normal
EMP00012,Management,27,99.2,73021.37,35868.79,10354.17,7.2,0.0,20775.64,4598.15,98799.48,0,Normal
EMP00397,Operations,18,78.4,37647.04,17399.55,5670.33,6.9,7238.16,8245.05,978.2,61167.12,0,Normal
EMP01123,HR,22,84.2,43025.98,17210.39,6453.9,7.3,21512.99,2151.3,860.52,88136.03,1,duplicate_manipulation
EMP00556,Sales,16,50.6,39742.5,14677.1,6370.89,16.0,0.0,6944.21,2060.45,57747.21,0,Normal
EMP00043,Engineering,2,98.0,52994.58,23718.99,6044.91,4.5,0.0,13719.07,3529.25,67745.87,0,Normal
EMP00168,Engineering,26,58.9,48115.6,20760.47,10808.8,17.5,0.0,12349.25,1336.77,73892.82,0,Normal
EMP00417,Sales,15,63.0,51821.79,18699.36,10465.65,11.6,0.0,10465.13,1932.58,74224.71,0,Normal
EMP00577,Engineering,9,95.3,58688.88,20551.59,8641.22,15.6,0.0,11129.3,3660.66,81674.98,0,Normal
EMP00268,Operations,18,85.3,44496.24,13902.43,10013.73,11.1,0.0,11511.51,2723.44,58807.84,0,Normal
EMP01061,Operations,25,85.5,20591.54,8568.96,3527.77,0.9,0.0,2227.12,758.04,29876.85,0,Normal
EMP00427,Sales,21,66.5,43201.87,16612.23,6246.69,11.3,0.0,10892.96,2236.39,57508.14,0,Normal
EMP00691,Sales,26,74.6,36580.09,13240.58,4803.87,2.4,0.0,4947.05,2258.4,48242.14,0,Normal
EMP00545,Finance,10,50.7,63204.55,24422.48,13229.77,9.4,5157.87,8042.79,4815.0,98726.78,0,Normal
EMP01142,Operations,11,98.1,42791.83,17116.73,6418.77,15.4,4279.18,-4542.03,-400.34,81726.95,1,negative_deduction
EMP00675,Sales,20,81.2,37600.36,18252.04,7416.11,7.6,0.0,9076.96,2182.45,54688.13,0,Normal
EMP00690,Engineering,2,73.5,49514.84,17718.27,10405.78,5.6,0.0,12954.64,2157.22,65126.56,0,Normal
EMP01074,Engineering,20,44.9,51567.95,22947.8,10644.05,10.7,2817.96,9945.72,1420.01,81784.94,0,Normal
EMP01196,Operations,23,79.9,26046.0,10418.4,3906.9,18.5,2604.6,5209.2,1302.3,4098.18,1,net_salary_inconsistency
EMP01019,Management,28,96.5,74455.38,27329.28,11234.28,1.5,0.0,11714.22,2663.48,99688.27,0,Normal
EMP00972,Management,1,65.9,87954.93,36928.79,9444.88,6.9,12673.32,9000.34,2972.67,140718.49,0,Normal
EMP00258,Finance,28,41.4,52391.76,22381.29,5777.11,14.9,0.0,13598.83,3739.57,70530.23,0,Normal
EMP00336,Engineering,15,66.9,43379.87,13841.64,8629.38,0.4,2884.88,12173.24,3064.9,53660.3,0,Normal
EMP00016,Engineering,18,86.6,79122.45,30686.06,11303.13,1.7,0.0,11984.92,5433.64,104954.09,0,Normal
EMP00935,Engineering,18,84.7,58830.09,24277.95,12500.16,4.6,11272.68,12867.44,4396.6,92153.89,0,Normal
EMP00325,Management,16,71.7,62205.36,24868.4,13016.82,0.3,0.0,17006.21,3476.72,79782.6,0,Normal
EMP00608,Sales,27,48.8,30981.32,11980.99,5965.94,0.2,0.0,7159.06,2123.52,39703.76,0,Normal
EMP01073,Engineering,16,47.8,24636.55,9649.8,5529.29,16.6,0.0,4948.9,1845.98,36854.82,0,Normal
EMP00817,Finance,1,63.1,47371.75,17713.0,7452.57,2.4,0.0,5120.97,1426.4,67055.81,0,Normal
EMP00223,Engineering,17,95.4,36321.02,10906.14,5009.71,1.5,0.0,6388.59,1936.48,44422.56,0,Normal
EMP00180,Engineering,5,54.8,62766.35,23790.09,,1.1,7209.69,16351.4,3220.73,89614.09,0,Normal
EMP00100,Engineering,4,90.1,72325.18,33326.84,12925.26,24.5,0.0,13645.16,1514.39,120029.92,0,Normal
EMP00758,HR,14,50.8,27057.66,11534.24,5268.64,1.1,0.0,3252.48,1359.01,39528.08,0,Normal
EMP00522,Sales,27,96.7,40116.09,14866.69,4552.43,11.3,6970.98,9531.83,1053.54,60170.62,0,Normal
EMP00023,Sales,10,74.6,37341.5,15882.03,5791.99,5.8,3501.89,8790.74,1476.98,54280.13,0,Normal
EMP00357,Engineering,21,91.3,40073.64,16542.99,4987.28,3.3,0.0,7757.13,1578.57,53507.99,0,Normal
EMP00734,HR,25,46.6,35430.81,16941.99,8594.8,6.9,0.0,8676.45,2391.52,52191.56,0,Normal
EMP01156,Operations,2,40.5,34815.36,13926.14,5222.3,328.3,3481.54,6963.07,1740.77,155896.65,1,impossible_overtime
EMP01218,HR,3,85.5,32056.0,12822.4,4808.4,4.6,16028.0,1602.8,641.12,64853.29,1,duplicate_manipulation
EMP00612,Operations,21,90.4,39708.63,15359.46,9709.63,17.9,0.0,5199.33,2700.32,63541.67,0,Normal
EMP01038,Operations,19,67.2,35051.38,13598.12,6189.57,20.6,0.0,6488.4,2134.98,52984.99,0,Normal
EMP00341,HR,4,80.7,26849.04,8691.05,5192.95,6.6,0.0,6997.27,1666.48,33730.57,0,Normal
EMP00432,Operations,27,64.8,24350.14,8189.51,5452.23,5.3,0.0,2491.15,1468.43,35242.2,0,Normal
EMP00809,HR,25,90.2,23147.02,8950.82,2742.75,5.9,0.0,5849.78,495.04,29776.09,0,Normal
EMP00218,Operations,26,70.8,38816.33,13921.93,4188.86,6.3,4362.45,5105.6,1594.63,56881.93,0,Normal
EMP00204,Operations,15,95.6,44381.83,17921.67,8823.45,0.7,0.0,7249.19,3290.24,60878.78,0,Normal
EMP00939,Engineering,7,52.5,53078.41,22090.71,7447.94,11.3,0.0,9487.44,1078.57,77674.04,0,Normal
EMP01171,Engineering,15,44.3,254169.44,101667.78,38125.42,6.5,38125.42,50833.89,12708.47,384034.15,1,salary_spike
EMP00094,Finance,7,43.3,42389.01,18013.5,7836.34,3.8,0.0,9840.42,2681.26,57227.28,0,Normal
EMP00826,Management,22,,72230.83,21746.01,7483.17,11.7,0.0,12383.86,2363.51,94635.46,0,Normal
EMP00069,Engineering,27,60.4,56595.64,25971.91,9987.89,5.3,0.0,12810.7,4218.57,78338.27,0,Normal
EMP00928,HR,23,47.3,37418.26,11333.1,3868.47,1.7,5052.25,8013.89,1332.56,48921.98,0,Normal
EMP00285,Finance,26,56.4,56571.4,17468.12,7084.47,1.1,11243.73,11424.43,3491.54,78035.14,0,Normal
EMP00697,Sales,4,69.0,41098.61,19140.08,6239.68,6.8,0.0,5942.45,2060.19,61095.77,0,Normal
EMP00086,Sales,12,46.0,36923.29,15533.58,5795.58,2.9,0.0,8013.79,2506.23,48736.28,0,Normal
EMP00435,Engineering,18,96.6,41759.6,19265.32,6662.7,6.3,3432.0,5152.12,3067.22,65366.71,0,Normal
EMP00869,Operations,16,99.9,40910.48,18788.07,6562.49,3.3,0.0,8229.08,2261.74,57035.89,0,Normal
EMP00154,HR,5,43.5,42446.2,15790.42,5597.26,4.0,4561.22,4433.11,3178.93,62374.79,0,Normal
EMP00076,Operations,21,71.5,34474.0,12279.67,4278.29,0.8,3596.58,5745.9,1045.65,48095.54,0,Normal
EMP01062,Management,16,73.8,70231.87,28170.13,15968.25,12.1,0.0,11447.91,1628.48,109260.79,0,Normal
EMP00581,HR,14,66.0,36830.15,13353.93,6136.47,2.8,0.0,5796.08,1593.9,49897.36,0,Normal
EMP00447,Management,2,56.8,67974.37,33337.65,13521.02,9.2,0.0,15507.81,1497.3,103690.72,0,Normal
EMP00704,Engineering,14,43.2,45361.85,18195.86,6552.47,3.7,9005.84,10031.86,2467.18,68190.47,0,Normal
EMP00189,HR,11,75.5,45550.77,16103.04,7284.83,1.8,0.0,4616.92,2053.35,63037.04,0,Normal
EMP00272,Operations,20,42.0,25829.24,10061.38,3572.2,11.0,0.0,2696.5,817.23,38612.73,0,Normal
EMP00237,Sales,23,40.9,41355.59,14446.36,9352.0,10.9,0.0,9009.99,1665.09,58704.89,0,Normal
EMP00488,Sales,13,55.7,42027.41,20763.7,5629.19,19.6,2663.84,12240.24,1398.14,65168.3,0,Normal
EMP01179,Finance,20,92.6,48967.82,19587.13,7345.17,15.6,4896.78,-569.37,-835.17,89362.98,1,negative_deduction
EMP00560,Finance,15,56.4,73815.03,29275.63,7381.84,27.2,0.0,8725.47,2193.32,118376.54,0,Normal
EMP00118,Engineering,10,40.3,46827.38,14635.33,11449.48,15.7,3804.01,11898.01,2574.62,69135.98,0,Normal
EMP00638,Engineering,23,51.6,85698.39,40081.0,11011.42,5.7,0.0,20340.61,2360.11,118669.6,0,Normal
EMP01217,Finance,16,91.2,47494.38,18997.75,7124.16,20.0,23747.19,2374.72,949.89,102944.07,1,duplicate_manipulation
EMP00751,Engineering,1,68.9,49207.08,20085.39,10976.78,1.1,0.0,9170.66,1852.27,69753.77,0,Normal
EMP00513,Management,14,43.1,79508.52,32944.29,11480.22,30.0,0.0,10389.61,4708.65,131196.54,0,Normal
EMP00634,HR,9,,25674.34,10817.79,5379.63,6.9,,5671.4,2001.85,39502.58,0,Normal
EMP00812,Operations,27,62.7,34817.06,12681.5,5352.11,5.4,0.0,10389.52,1862.82,42360.94,0,Normal
EMP01035,Engineering,21,96.2,49313.93,24391.43,7384.39,1.8,8777.98,10496.97,2445.09,77757.84,0,Normal
EMP01054,Operations,1,94.2,25985.86,8600.93,,9.4,1848.38,2754.61,1735.57,39725.72,0,Normal
EMP00127,Operations,11,56.5,41286.4,19344.43,6870.87,17.5,4271.52,5546.5,2922.8,70077.47,0,Normal
EMP00791,Engineering,7,82.9,42251.28,19900.13,7862.11,4.7,0.0,6835.08,1771.47,63268.67,0,Normal
EMP00117,Operations,12,53.8,36024.84,15901.19,5124.26,2.3,3104.86,8950.8,2432.19,49548.95,0,Normal
EMP00474,Operations,15,80.5,33847.3,14900.73,3906.87,33.4,0.0,5095.12,1367.99,56790.23,0,Normal
EMP00741,HR,20,47.6,21459.47,7490.87,3561.81,9.0,0.0,3227.8,638.51,30456.48,0,Normal
EMP01030,Operations,29,66.2,30260.29,11917.15,6496.81,4.4,0.0,8300.67,1057.98,40563.84,0,Normal
EMP00058,Engineering,5,70.1,57629.8,18049.77,14403.63,13.0,0.0,7361.08,3034.26,86711.49,0,Normal
EMP00604,Engineering,28,85.8,59573.9,25884.39,7625.22,1.2,3678.73,12425.23,3164.63,81842.59,0,Normal
EMP00787,Finance,24,88.7,50266.41,18433.98,6122.4,11.6,0.0,12796.56,3178.84,64313.86,0,Normal
EMP01007,Finance,13,63.7,48522.6,16465.21,7802.38,33.1,4301.74,5899.62,1672.69,84576.79,0,Normal
EMP00657,Sales,13,91.7,31724.8,14513.38,5954.16,4.8,5534.28,7731.99,703.09,50719.16,0,Normal
EMP00936,Sales,3,47.6,54064.05,22973.05,12810.81,3.4,5427.59,7181.71,3977.37,85839.71,0,Normal
EMP01113,Sales,22,74.9,59164.76,23665.9,8874.71,18.8,5916.48,11832.95,2958.24,-46629.22,1,net_salary_inconsistency
EMP00106,Engineering,10,47.7,60372.5,24109.1,12085.38,12.2,11273.75,8344.11,4684.6,101717.12,0,Normal
EMP00636,Sales,18,40.5,53363.26,16875.05,10466.93,1.3,0.0,14539.73,1721.98,65093.89,0,Normal
EMP00370,Engineering,12,90.1,59965.59,21377.48,9530.59,20.5,4711.02,7586.89,1270.13,98252.3,0,Normal
EMP00269,Sales,14,45.3,47748.57,15731.27,10609.76,6.3,0.0,5592.31,2444.96,68872.48,0,Normal
EMP00656,Engineering,19,41.1,72730.36,31513.53,8587.06,2.4,0.0,8598.73,2793.4,103075.25,0,Normal
EMP00820,Sales,1,52.4,33698.31,14535.63,3391.0,21.0,0.0,6078.85,2510.23,49670.21,0,Normal
EMP00823,Sales,16,87.1,52954.43,18191.62,8558.41,0.9,3222.62,12228.46,2493.61,68651.81,0,Normal
EMP00047,Sales,6,68.5,45318.06,20424.2,6513.07,3.8,0.0,7672.07,2214.99,63982.73,0,Normal
EMP00350,Finance,22,53.0,55976.28,25237.07,13137.34,7.2,0.0,11805.28,1470.44,84853.37,0,Normal
EMP00774,Sales,25,40.2,53529.15,16797.94,10704.67,5.6,0.0,13961.57,1086.72,68793.75,0,Normal
EMP00196,Sales,23,92.2,54420.82,20828.4,9229.62,9.2,0.0,15631.03,3766.88,69774.73,0,Normal
EMP00103,Sales,25,49.2,45084.53,14813.66,6842.14,2.8,0.0,9308.19,3166.43,55449.18,0,Normal
EMP00005,Engineering,16,60.9,48373.32,20096.98,6504.95,5.6,8272.14,6864.36,1806.08,77116.55,0,Normal
EMP00620,Operations,6,44.4,35117.51,12235.09,6596.41,7.6,0.0,9910.27,2513.71,44027.15,0,Normal
EMP00572,Operations,25,54.6,20000.0,8494.6,3139.94,0.4,0.0,5527.42,447.1,25735.02,0,Normal
EMP00053,Management,18,91.3,55522.59,17640.69,11886.63,2.1,0.0,10560.25,3555.4,72027.36,0,Normal
EMP00264,HR,15,76.0,37596.67,13463.4,4192.8,11.1,0.0,10225.2,2529.77,46410.3,0,Normal
EMP01112,HR,7,97.5,44292.33,17716.93,6643.85,12.1,,8858.47,2214.62,6703.37,1,net_salary_inconsistency
EMP00444,Sales,14,71.7,39387.53,13134.33,9778.47,3.8,0.0,5882.51,1829.6,55991.4,0,Normal
EMP01008,Operations,27,50.6,41486.47,18564.58,5823.63,2.8,0.0,11881.26,1248.26,53834.18,0,Normal
EMP00783,Sales,14,49.1,33403.9,15607.09,5904.34,0.1,4263.82,9671.98,1868.81,47669.68,0,Normal
EMP00838,Sales,7,95.7,37725.87,16381.76,8285.62,2.8,0.0,5750.27,2776.91,54856.37,0,Normal
EMP00986,HR,1,91.5,36543.18,14879.91,4803.73,1.5,0.0,8919.71,1700.33,46120.67,0,Normal
EMP00692,Sales,14,49.9,46218.97,16176.24,5027.92,0.1,3143.99,10225.64,3525.27,56859.54,0,Normal
EMP00305,Operations,8,89.6,42854.12,13482.61,5226.72,1.0,2985.3,9579.56,880.87,54490.08,0,Normal
EMP00342,HR,26,73.8,41083.32,14698.67,5480.57,7.3,5405.81,7656.33,1538.1,60285.58,0,Normal
EMP00899,Engineering,13,74.2,47151.09,17191.55,6562.22,3.0,0.0,7284.53,2217.19,62729.26,0,Normal
EMP00314,Management,8,87.4,90150.36,44666.04,15560.23,0.7,6989.98,12641.54,4005.42,141311.26,0,Normal
EMP00150,Sales,10,58.7,36177.57,11615.64,8053.53,24.6,3951.35,8708.15,2233.22,57200.17,0,Normal
EMP00125,Engineering,22,69.7,35993.17,13391.14,5434.82,19.2,0.0,8862.26,1879.28,50556.36,0,Normal
EMP01082,Engineering,9,89.5,36964.36,18404.19,4320.71,10.2,6870.84,7519.66,1276.94,61298.22,0,Normal
EMP00575,Operations,15,98.9,33229.97,10069.42,4520.77,2.7,0.0,9430.92,759.34,38471.03,0,Normal
EMP00698,Finance,21,96.4,47759.59,21867.14,10528.69,15.9,0.0,6572.28,1012.54,79689.76,0,Normal
EMP00665,Engineering,7,58.4,42709.76,20810.59,,1.5,0.0,8859.45,1476.17,64448.36,0,Normal
EMP00051,Management,1,57.5,83439.78,39148.64,14202.32,0.3,12595.34,9027.82,6483.14,134109.79,0,Normal
EMP00727,Engineering,7,91.3,57406.83,25474.16,9231.79,5.4,0.0,15882.74,2403.31,76732.95,0,Normal
EMP00800,Management,14,60.2,73643.01,35015.05,13343.41,11.1,13415.24,8215.44,1845.22,133019.53,0,Normal
EMP00834,Engineering,27,85.6,57413.92,25856.32,9127.21,0.3,4073.98,9207.29,1464.69,85960.93,0,Normal
EMP00354,Engineering,15,68.2,47045.19,17473.72,4821.61,7.4,2684.36,11789.39,1066.71,62432.54,0,Normal
EMP01172,HR,7,98.8,24886.38,9954.55,3732.96,331.0,2488.64,4977.28,1244.32,112066.48,1,impossible_overtime
EMP00143,HR,5,51.5,50583.81,22388.86,6929.92,6.3,0.0,11952.55,3240.87,67696.78,0,Normal
EMP00471,Engineering,24,66.3,55773.69,20475.75,11980.44,3.2,7311.47,8593.42,3426.85,85194.29,0,Normal
EMP00654,Operations,9,93.8,42642.44,15935.04,10243.12,6.2,0.0,8094.8,2613.03,60591.36,0,Normal
EMP00400,Operations,9,52.4,37992.45,16668.19,5002.42,0.4,0.0,4480.31,858.77,54466.45,0,Normal
EMP00931,Engineering,25,74.3,55989.28,25332.94,13079.03,13.7,,12488.02,4174.46,84929.89,0,Normal
EMP00949,Operations,8,66.3,29332.75,10805.63,3689.31,6.8,3967.19,5645.74,2209.26,41809.84,0,Normal
EMP00321,HR,28,66.0,32722.25,14179.21,3303.54,6.1,0.0,3463.13,2134.68,46478.49,0,Normal
EMP00020,Sales,8,47.1,35421.63,16885.24,4301.96,4.9,0.0,6717.15,1830.11,49688.75,0,Normal
EMP00685,Management,9,83.6,58941.5,25512.47,9443.56,6.9,0.0,7587.98,3079.77,87042.56,0,Normal
EMP00036,Operations,20,91.1,43869.63,21561.47,10116.35,14.9,6465.2,6384.19,2459.55,79296.95,0,Normal
EMP00825,HR,28,42.2,44988.18,17851.21,7302.32,13.2,3755.99,9773.07,1230.48,68461.44,0,Normal
EMP00506,Engineering,24,79.9,57200.32,20704.09,6420.15,0.5,10539.45,12076.33,2321.59,80734.22,0,Normal
EMP00828,Sales,22,73.1,41782.24,18992.61,5288.06,8.3,0.0,7038.35,1923.49,60352.25,0,Normal
EMP01090,Engineering,9,50.2,50881.69,23794.62,6987.01,4.2,4154.54,9869.48,2454.03,75497.82,0,Normal
EMP00408,Engineering,4,53.6,55912.06,17193.75,6944.56,0.3,8158.02,16290.94,1838.62,70236.08,0,Normal
EMP00818,Sales,18,94.2,38698.58,15202.65,7089.96,5.0,6815.51,4821.16,844.61,63954.93,0,Normal
EMP00867,Engineering,9,57.9,61157.27,28399.37,9930.28,2.6,11239.06,13140.17,3670.31,95406.21,0,Normal
EMP00538,Engineering,11,90.0,46867.42,19986.91,,7.3,7023.91,10640.37,2021.31,69118.61,0,Normal
EMP00759,Operations,22,83.4,42064.88,17099.41,9155.88,2.7,2558.99,9335.95,2471.61,60136.37,0,Normal
EMP01088,Engineering,26,69.4,50300.22,20045.33,9793.77,2.1,,7087.34,3201.89,78706.18,0,Normal
EMP00926,Engineering,12,55.2,46690.95,20117.65,10948.38,2.2,0.0,12412.15,1606.52,64701.31,0,Normal
EMP00039,Finance,6,47.3,61733.42,26876.53,13120.81,1.0,0.0,10537.62,2140.73,89631.16,0,Normal
EMP00176,Engineering,13,79.4,42726.49,18386.4,,1.3,5325.21,10130.78,1572.68,62308.51,0,Normal
EMP00246,Management,6,95.4,86236.79,35261.92,,6.7,0.0,22295.72,6774.83,108003.31,0,Normal
EMP00811,Management,22,88.3,103345.9,42559.07,14145.69,2.1,0.0,20272.05,2989.52,138823.71,0,Normal
EMP01104,Engineering,24,85.4,234521.34,93808.54,35178.2,26.3,35178.2,46904.27,11726.07,397880.11,1,salary_spike
EMP00998,Engineering,25,89.1,76303.73,29351.53,15977.73,8.3,0.0,16599.03,2565.34,108406.0,0,Normal
EMP00785,Engineering,26,95.0,79750.3,37376.19,12554.1,3.2,0.0,23505.48,1873.34,106694.28,0,Normal
EMP01205,Management,10,63.5,91309.94,36523.98,13696.49,1.8,9130.99,-3315.0,-545.69,156062.95,1,negative_deduction
EMP00490,Operations,29,97.9,44525.17,15450.0,6010.89,14.2,0.0,6660.36,2353.45,62899.66,0,Normal
EMP00155,Management,9,95.7,98891.95,48591.54,19731.77,23.6,15766.17,15896.36,4880.49,184084.42,0,Normal
EMP00639,Sales,5,77.6,36921.77,17021.6,7578.59,2.4,0.0,8670.85,1044.99,52636.86,0,Normal
EMP00663,Finance,27,46.0,66647.95,25893.33,8283.57,6.1,0.0,11616.25,2219.3,90800.73,0,Normal
EMP00854,Operations,29,61.1,50199.06,22252.21,12385.77,0.6,0.0,12373.61,1767.51,70978.29,0,Normal
EMP00288,HR,2,99.8,47629.95,16281.68,6416.09,0.3,0.0,5014.93,1804.16,63642.59,0,Normal
EMP00626,Sales,18,85.5,38062.88,11523.5,6650.33,25.5,0.0,4550.09,1382.13,59403.9,0,Normal
EMP01146,Finance,1,42.4,354878.44,141951.38,53231.77,18.3,53231.77,70975.69,17743.92,575457.58,1,salary_spike
EMP00686,Finance,15,58.9,20000.0,9526.76,3014.25,3.3,3143.16,4839.73,1594.19,29869.0,0,Normal
EMP01036,Finance,29,49.9,49841.03,22521.09,8726.51,0.8,8947.65,6125.79,3529.09,80755.21,0,Normal
EMP00905,Sales,16,95.6,56510.5,26282.08,9789.13,3.5,0.0,9291.24,4173.33,80971.39,0,Normal
EMP00570,Sales,19,85.5,34447.11,10968.42,3884.2,14.0,0.0,9627.41,1215.99,42977.51,0,Normal
EMP01163,Management,20,43.0,51704.33,20681.73,7755.65,18.3,5170.43,10340.87,2585.22,-40628.29,1,net_salary_inconsistency
EMP00735,Sales,9,90.3,34551.69,12034.61,3569.53,32.8,6338.61,6245.64,1677.22,59196.22,0,Normal
EMP00793,HR,17,79.8,36689.99,14428.78,8501.26,9.4,0.0,7825.56,854.67,54173.11,0,Normal
EMP00018,HR,11,78.7,32411.92,15512.93,7956.77,8.4,0.0,3498.62,2043.38,52892.06,0,Normal
EMP00128,Operations,23,83.0,38403.66,13927.84,5344.15,1.8,0.0,7909.88,1061.86,49351.97,0,Normal
EMP00323,Finance,4,92.6,31377.48,12959.43,7683.15,1.8,2262.88,5621.24,1508.26,47682.93,0,Normal
EMP00256,Finance,21,64.4,71054.34,23404.77,13097.33,10.8,0.0,15502.24,5104.13,94144.32,0,Normal
EMP00978,Engineering,27,40.5,57798.59,19301.59,13228.18,11.0,2963.2,6551.47,4256.48,88444.09,0,Normal
EMP01199,Management,29,92.9,751221.2,300488.48,112683.18,23.4,112683.18,150244.24,37561.06,1254069.89,1,salary_spike
EMP00191,Engineering,12,,52928.47,16034.08,5378.68,12.9,0.0,6023.15,3349.88,71369.24,0,Normal
EMP00116,Operations,21,90.5,23553.8,8367.11,3335.68,24.9,0.0,4686.4,1441.9,34626.63,0,Normal
EMP01193,HR,18,89.7,36400.04,14560.02,5460.01,19.6,156412.08,7280.01,1820.0,210420.65,1,bonus_abuse
EMP00922,HR,7,52.4,28759.84,10701.12,5575.16,2.2,0.0,4116.34,1149.23,40363.72,0,Normal
EMP00607,Engineering,6,72.7,53338.53,16090.31,8878.47,4.5,0.0,10886.61,2769.3,66901.62,0,Normal
EMP00181,Sales,6,80.1,37651.32,16666.03,5707.7,1.8,0.0,7427.79,2252.39,50980.24,0,Normal
EMP00302,HR,6,68.2,45068.72,15860.06,7403.38,8.4,0.0,6213.72,2867.22,62800.38,0,Normal
EMP00497,Finance,14,82.4,37128.76,16473.69,8443.71,22.3,0.0,5432.55,1534.8,62841.04,0,Normal
EMP00349,Sales,16,96.5,43100.68,16313.25,9205.98,11.5,0.0,11392.18,1304.7,60569.82,0,Normal
EMP01055,Management,5,88.8,58509.35,18520.98,11798.91,9.0,0.0,10499.24,3922.2,79344.53,0,Normal
EMP01020,Engineering,7,51.6,64355.93,20169.36,7038.27,27.6,,11158.77,1425.16,102835.52,0,Normal
EMP00745,Engineering,4,70.4,55249.52,19000.91,10492.94,1.9,0.0,9846.48,4055.38,71825.64,0,Normal
EMP01101,Sales,9,44.4,38643.87,15457.55,5796.58,367.3,3864.39,7728.77,1932.19,187169.18,1,impossible_overtime
EMP00991,Operations,5,83.7,36278.85,12893.59,7882.8,19.7,,8253.04,2153.07,53349.38,0,Normal
EMP00518,Operations,25,46.5,48693.67,15112.92,9082.94,1.6,0.0,7673.48,3127.77,62818.69,0,Normal
EMP00373,Engineering,10,72.0,55525.74,21506.39,5646.71,10.7,9488.44,11295.28,3819.67,82622.26,0,Normal
EMP00046,Finance,29,,41013.71,13475.88,4347.82,3.4,0.0,11115.61,1614.88,47414.23,0,Normal
EMP00477,Engineering,18,55.9,73369.01,35908.12,14752.73,1.8,5749.32,11664.66,3651.62,115701.0,0,Normal
EMP00158,Operations,26,50.3,36580.8,14322.84,8511.91,0.9,0.0,5503.6,1406.87,52813.73,0,Normal
EMP01066,Operations,12,87.5,31223.28,12413.34,5693.14,4.5,5455.83,4548.33,1058.7,50495.79,0,Normal
EMP00172,Engineering,17,93.5,60235.88,26236.5,8625.28,3.3,0.0,11817.58,3493.5,81650.13,0,Normal
EMP00017,Sales,19,75.8,40407.47,18967.02,9660.16,13.7,0.0,9645.34,1347.95,63231.2,0,Normal
EMP00512,Sales,2,41.4,40573.23,17242.6,5120.22,10.1,0.0,11946.62,918.35,53912.86,0,Normal
EMP00049,HR,5,68.3,38201.21,16491.77,5184.75,10.1,0.0,11305.53,1692.11,50497.27,0,Normal
EMP00192,Operations,22,58.0,42069.28,15810.43,9422.79,1.6,5158.86,12585.47,1063.83,59443.1,0,Normal
EMP00547,Engineering,10,64.2,42437.07,13304.04,8477.16,0.3,0.0,8239.26,1963.42,54134.94,0,Normal
EMP00516,Engineering,14,82.5,44382.37,13422.62,4773.88,4.6,0.0,9730.24,2201.83,52560.79,0,Normal
EMP01014,Engineering,29,83.6,68520.46,29088.72,16071.43,2.5,0.0,11519.33,2285.58,101481.65,0,Normal
EMP01079,Engineering,2,63.9,49416.27,17926.99,7632.22,8.0,0.0,13704.02,2526.82,62450.86,0,Normal
EMP00829,Operations,9,56.4,27770.39,11377.08,3187.03,14.4,3696.48,3242.88,1018.34,45518.76,0,Normal
EMP01097,Engineering,9,,33723.61,10966.93,6125.51,58.7,5693.51,4895.87,1019.59,69152.62,0,Normal
EMP00481,Finance,13,46.8,51635.34,23609.8,9766.12,0.2,3352.4,9744.62,1223.26,77492.6,0,Normal
EMP01148,Engineering,11,96.7,470044.92,188017.97,70506.74,6.5,70506.74,94008.98,23502.25,710208.5,1,salary_spike
EMP00284,Engineering,14,64.5,40268.71,15566.4,6558.86,4.7,4888.96,10004.37,1401.4,57651.5,0,Normal
EMP01049,Operations,17,75.6,44385.0,15184.17,10735.06,17.7,0.0,5728.2,972.54,70968.63,0,Normal
EMP00798,Finance,18,68.4,53583.76,18255.69,5712.56,19.7,0.0,12519.1,2023.09,72906.07,0,Normal
EMP00974,Engineering,29,55.4,71931.19,31723.66,16875.62,12.2,0.0,16709.97,4260.47,107787.16,0,Normal
EMP00226,Engineering,17,63.9,65202.66,32264.81,14574.94,3.7,0.0,10606.75,2751.12,100946.26,0,Normal
EMP00027,Engineering,9,65.8,85323.19,37332.68,18718.97,4.6,0.0,16319.36,6507.25,122227.79,0,Normal
EMP00283,Sales,24,71.9,52705.23,21573.07,5601.9,2.3,3400.69,10758.78,1293.03,72365.54,0,Normal
EMP01169,HR,9,89.6,40452.47,16180.99,6067.87,10.8,4045.25,8090.49,2022.62,-30364.64,1,net_salary_inconsistency
EMP00438,Operations,4,87.8,54944.0,20803.94,8465.29,15.3,0.0,6926.5,4227.62,80940.14,0,Normal
EMP01187,Finance,24,44.5,43762.21,17504.88,6564.33,19.8,4376.22,-3450.17,-587.89,84369.06,1,negative_deduction
EMP00365,Management,9,50.8,64963.75,22358.61,15524.36,4.6,0.0,10159.42,2781.21,92707.65,0,Normal
EMP00230,Finance,11,94.4,72844.23,33263.57,11245.98,10.7,0.0,10090.11,5323.49,109247.37,0,Normal
EMP00038,Engineering,17,53.7,61087.29,30517.02,11857.0,1.5,0.0,15957.18,4705.89,83657.28,0,Normal
EMP00670,Sales,14,77.6,33365.05,10155.74,7757.07,2.1,0.0,6086.41,961.37,44886.95,0,Normal
EMP00750,Finance,9,88.6,41208.89,15897.93,4419.83,2.0,0.0,7572.21,3275.93,51451.18,0,Normal
EMP01200,Operations,19,41.8,39684.85,15873.94,5952.73,5.3,19842.42,1984.24,793.7,80547.84,1,duplicate_manipulation
EMP00375,Engineering,9,52.5,66566.55,26848.93,9716.38,5.2,0.0,12612.13,5028.92,88735.93,0,Normal
EMP00470,Management,25,76.7,88757.03,32757.41,11675.79,0.3,0.0,24878.34,2160.02,106401.5,0,Normal
EMP00883,Engineering,20,53.2,42355.81,19610.23,8487.38,8.3,4241.18,12068.45,1973.58,63948.38,0,Normal
EMP01044,Finance,21,75.3,67585.12,22028.41,16413.59,9.2,4614.94,16484.8,1410.38,98576.1,0,Normal
EMP01201,Management,5,94.0,445172.63,178069.05,66775.89,19.8,66775.89,89034.53,22258.63,728135.47,1,salary_spike
EMP00688,Sales,22,76.2,57950.26,25325.82,9200.26,2.2,9030.07,7462.08,3298.76,91940.79,0,Normal
EMP00033,Engineering,24,70.4,62007.14,28578.31,8522.9,2.0,8825.66,9054.09,2702.09,97340.46,0,Normal
EMP00640,Sales,28,98.8,43660.96,20284.74,8010.46,3.0,0.0,6300.22,2833.15,64050.75,0,Normal
EMP01058,Sales,26,57.3,62081.7,25619.98,7780.62,9.3,5701.01,12624.14,2699.48,91272.44,0,Normal
EMP00195,Sales,3,42.6,55288.86,17961.9,10312.95,3.4,0.0,8193.77,3132.49,73999.78,0,Normal
EMP01125,Sales,19,64.0,40055.67,16022.27,6008.35,2.7,20027.83,2002.78,801.11,80324.14,1,duplicate_manipulation
EMP01133,Finance,21,64.8,0.0,6090.23,7712.97,0.0,38114.03,0.0,0.0,51917.23,1,ghost_employee
EMP00987,Finance,4,80.7,48586.09,19322.64,11975.7,10.0,0.0,11114.27,1137.42,72187.69,0,Normal
EMP00504,Operations,3,67.5,38134.43,18039.84,6475.25,12.8,0.0,11272.49,1621.85,54331.31,0,Normal
EMP00916,Sales,10,62.5,46963.37,23459.41,4865.03,17.7,0.0,10601.71,2753.56,69725.52,0,Normal
EMP01086,HR,22,,38685.88,15392.28,9447.58,1.3,6329.8,9774.26,1765.88,58786.88,0,Normal
EMP01203,Operations,27,74.3,150381.37,60152.55,22557.21,4.8,22557.21,30076.27,7519.07,224820.16,1,salary_spike
EMP01107,HR,15,78.5,249664.15,99865.66,37449.62,27.0,37449.62,49932.83,12483.21,425209.25,1,salary_spike
EMP00801,Operations,15,57.7,37707.87,14249.09,7422.26,6.7,0.0,4831.53,2590.97,54325.25,0,Normal
EMP00580,Sales,9,87.9,36752.3,15509.53,9118.26,1.1,2049.11,6525.48,2274.4,55008.33,0,Normal
EMP00161,Sales,17,44.9,57623.67,21549.1,8475.39,11.9,0.0,6951.11,2011.77,85113.92,0,Normal
EMP00681,Operations,13,66.0,31271.71,10379.03,3837.5,4.5,0.0,6239.64,954.96,39612.92,0,Normal
EMP00957,HR,18,46.9,34618.57,14492.43,6935.19,7.9,0.0,5163.36,2265.06,51181.71,0,Normal
EMP01150,Management,22,62.8,513741.45,205496.58,77061.22,12.1,77061.22,102748.29,25687.07,803202.66,1,salary_spike
EMP00163,Finance,21,91.5,42834.4,19425.98,6028.73,7.9,5292.93,11094.73,2837.73,62822.0,0,Normal
EMP00822,Engineering,25,41.5,51132.15,15425.18,10035.86,9.8,5987.11,8654.28,2883.07,75740.72,0,Normal
EMP00706,Management,16,56.2,75119.78,35701.72,,4.9,3888.72,16368.16,4411.09,106600.24,0,Normal
EMP01037,Sales,14,42.5,46916.56,23155.77,9235.94,1.5,0.0,14046.73,2629.41,63291.89,0,Normal
EMP00878,Finance,9,60.2,46157.52,20259.83,10705.78,29.3,7286.12,7848.96,1299.48,87939.7,0,Normal
EMP00896,Engineering,25,59.7,67012.55,27573.48,10267.98,5.1,0.0,16057.77,2519.9,89480.38,0,Normal
EMP00914,Sales,22,97.0,40417.03,18645.71,5773.33,7.3,0.0,9108.25,2907.68,55586.18,0,Normal
EMP01219,Sales,2,45.7,28402.1,11360.84,4260.31,11.7,2840.21,-732.48,-403.23,51114.53,1,negative_deduction
EMP00153,Engineering,26,80.8,65742.32,20356.27,6642.06,1.6,0.0,19077.65,3257.62,71391.51,0,Normal
EMP01128,HR,8,57.7,27048.82,10819.53,4057.32,0.4,2704.88,5409.76,1352.44,-18984.89,1,net_salary_inconsistency
EMP01034,Engineering,26,60.4,60088.73,19796.54,12160.82,8.2,0.0,10599.15,4162.2,81904.06,0,Normal
EMP00510,Operations,7,72.9,27215.45,12501.04,4462.24,32.6,0.0,4405.22,1805.74,46285.49,0,Normal
EMP00112,Engineering,18,76.5,72281.41,26275.55,16423.52,1.7,0.0,7913.59,3511.45,104707.42,0,Normal
EMP00227,Management,21,97.2,73724.26,34607.07,16448.21,11.4,0.0,11723.76,4343.25,116591.81,0,Normal
EMP01023,Management,21,70.9,69880.98,32879.66,9593.33,9.0,0.0,10530.46,1792.77,105926.95,0,Normal
EMP00852,Operations,24,56.2,33069.94,10955.92,5287.88,14.1,0.0,9102.78,1973.62,42608.77,0,Normal
EMP00104,HR,9,44.0,41197.27,18747.61,4305.76,3.1,5642.4,11579.09,1054.54,58456.71,0,Normal
EMP00422,Operations,7,90.2,36133.74,17827.27,4661.8,9.7,,6881.19,2236.42,52791.11,0,Normal
EMP00420,Operations,6,79.7,32468.73,9750.19,5155.6,16.0,4188.12,9614.95,1686.38,45131.62,0,Normal
EMP00968,Sales,15,81.7,42691.67,18345.8,10653.38,7.9,3394.13,11553.84,1665.1,65027.89,0,Normal
EMP00625,Finance,15,62.5,40237.59,18016.16,4274.71,2.6,0.0,11735.92,1324.02,50449.31,0,Normal
EMP00587,Engineering,25,52.0,62954.58,20835.81,9382.82,22.5,0.0,10633.1,3175.66,92643.93,0,Normal
EMP01080,Management,29,59.9,78092.93,31831.03,18109.12,10.2,11366.98,19549.47,2217.46,125100.77,0,Normal
EMP00920,Engineering,14,81.4,57335.29,18692.23,9789.85,8.9,3352.82,14642.82,3654.67,75656.61,0,Normal
EMP00673,Engineering,28,41.9,77615.04,24156.53,15441.79,5.8,0.0,16363.88,5671.67,99398.13,0,Normal
EMP00120,HR,28,52.1,33431.63,10055.03,6933.97,15.4,0.0,5383.93,2558.17,47305.22,0,Normal
EMP00054,Operations,15,75.2,40970.03,16286.63,5046.44,0.4,6739.33,4922.57,1829.84,62443.66,0,Normal
EMP00152,Engineering,5,60.4,59721.82,25610.5,6470.31,0.4,0.0,10438.64,3716.86,77871.09,0,Normal
EMP00404,Operations,13,90.1,38352.15,18224.05,6378.58,4.6,7545.4,9236.0,1835.39,61082.73,0,Normal
EMP01209,Management,29,71.3,792714.46,317085.78,118907.17,17.3,118907.17,158542.89,39635.72,1278004.35,1,salary_spike
EMP00208,Finance,6,72.0,20000.0,9091.69,3703.92,19.3,3669.25,2263.57,518.19,37301.85,0,Normal
EMP01154,Operations,26,76.9,38573.63,15429.45,5786.04,13.6,3857.36,-2080.49,-382.49,71027.6,1,negative_deduction
EMP00659,Finance,14,77.3,42114.95,17943.05,6598.4,10.6,0.0,5870.43,1714.53,63256.61,0,Normal
EMP01116,HR,21,59.5,46253.22,18501.29,6937.98,348.1,4625.32,9250.64,2312.66,215699.0,1,impossible_overtime
EMP00233,Finance,8,74.0,61333.12,23282.12,8056.65,0.4,6838.86,10425.35,1897.65,87417.75,0,Normal
EMP00009,Finance,21,90.2,67022.56,31199.25,8122.03,2.3,5660.55,16357.1,3658.38,93434.08,0,Normal
EMP01015,Operations,8,43.1,26272.27,12996.27,5961.67,18.1,0.0,4209.65,937.18,44541.46,0,Normal
EMP00160,Operations,20,53.4,29486.5,11020.33,6969.91,3.8,3806.36,7806.86,1710.57,42816.13,0,Normal
EMP00037,Sales,23,71.5,49384.34,14902.84,10809.7,10.8,0.0,10118.22,3090.88,66887.94,0,Normal
EMP00453,Sales,7,86.4,42253.63,19090.23,6831.51,4.2,0.0,5743.61,1692.18,62403.32,0,Normal
EMP00652,HR,21,69.1,34827.4,14197.96,5855.45,1.4,6909.15,5328.84,2125.92,54792.31,0,Normal
EMP00254,Sales,15,42.4,32519.26,14837.38,6453.82,22.6,0.0,7605.68,2598.46,50496.34,0,Normal
EMP00304,Finance,26,82.0,74776.79,31309.95,16725.38,18.2,0.0,20061.71,1531.91,113977.29,0,Normal
EMP00897,Sales,9,79.2,20000.0,6155.92,4340.64,21.1,0.0,3243.89,440.1,30768.82,0,Normal
EMP01068,Engineering,16,94.6,63974.92,25072.85,13310.47,3.0,0.0,8971.5,4480.48,90705.55,0,Normal
EMP00881,Engineering,29,94.3,64599.3,22798.84,8478.48,13.8,5642.2,15135.77,5001.25,89739.33,0,Normal
EMP01152,Finance,24,52.3,0.0,9675.25,4462.34,0.0,21560.25,0.0,0.0,35697.84,1,ghost_employee
EMP00624,HR,8,95.5,40936.73,19465.17,9129.3,4.8,0.0,11874.76,2044.01,57454.58,0,Normal
EMP00346,Finance,17,81.3,65005.54,20085.56,8062.89,28.0,0.0,12823.93,2196.51,95197.51,0,Normal
EMP01050,Engineering,19,93.2,59435.71,27447.69,8733.36,6.7,8686.58,9703.38,2862.32,95470.95,0,Normal
EMP00263,Engineering,19,60.8,83840.99,40536.88,16706.71,4.8,0.0,15306.67,2070.41,127480.34,0,Normal
EMP00151,Management,19,59.2,92568.02,42244.78,19768.57,3.5,13598.89,21195.41,5731.64,144290.6,0,Normal
EMP00473,Engineering,9,93.7,43727.98,20609.32,10050.19,1.3,0.0,13079.95,1869.36,59971.11,0,Normal
EMP00641,Engineering,6,67.9,73505.32,35763.43,11304.62,0.7,0.0,7862.12,3541.43,109652.2,0,Normal
EMP01210,Engineering,28,84.1,475670.46,190268.18,71350.57,28.2,71350.57,95134.09,23783.52,815477.55,1,salary_spike
EMP01149,HR,7,52.8,267203.49,106881.4,40080.52,23.4,40080.52,53440.7,13360.17,446062.83,1,salary_spike
EMP00551,HR,10,92.3,44972.33,14510.8,5134.17,5.6,0.0,11731.13,1767.4,53479.82,0,Normal
EMP00929,Finance,28,91.9,33448.08,15147.65,7667.96,0.9,0.0,6870.71,1024.27,48650.93,0,Normal
EMP00489,Management,22,54.7,87864.89,34050.48,17911.53,3.9,0.0,8839.57,3203.18,130996.71,0,Normal
EMP01100,Sales,8,47.4,36116.1,12102.45,5546.67,8.7,0.0,4124.64,1375.07,51211.23,0,Normal
EMP00147,Finance,12,41.2,65392.91,32052.63,13933.94,0.3,8543.83,13588.4,3254.81,103264.02,0,Normal
EMP00403,HR,20,55.9,49708.01,16419.5,8643.24,0.4,0.0,12806.37,2924.03,59226.76,0,Normal
EMP00955,Sales,6,42.6,27769.28,12798.39,2834.67,0.2,0.0,7117.4,942.16,35394.85,0,Normal
EMP01144,Management,22,73.7,92185.89,36874.36,13827.88,16.0,9218.59,18437.18,4609.29,500108.46,1,net_salary_inconsistency
EMP00660,Finance,20,41.5,29468.1,10304.31,3221.03,43.1,0.0,5379.45,777.63,48743.31,0,Normal
EMP00464,Finance,2,41.5,46642.53,20472.3,4777.6,2.9,0.0,5985.28,3246.49,63928.75,0,Normal
EMP00187,Operations,11,74.2,48471.42,15622.46,9624.22,3.6,0.0,5238.07,1038.4,69077.54,0,Normal
EMP00609,HR,6,67.2,36536.84,11637.9,8311.91,12.2,0.0,6710.82,2442.27,51512.46,0,Normal
EMP00144,Sales,9,94.3,47767.59,20696.6,8151.25,0.7,0.0,5383.75,2007.69,69537.47,0,Normal
EMP00752,Management,13,67.0,62840.09,27604.77,14073.11,24.5,5618.15,6961.83,3934.71,113673.16,0,Normal
EMP00982,Operations,28,99.2,37892.03,16669.76,8097.76,3.0,6964.98,4392.79,1448.36,64849.09,0,Normal
EMP00198,Operations,17,79.6,38166.43,14535.99,9430.36,9.4,0.0,6601.4,1270.56,57624.24,0,Normal
EMP00884,Engineering,7,58.6,42186.36,19220.32,7280.12,1.1,0.0,5167.86,1315.15,62638.84,0,Normal
EMP00280,Operations,17,62.1,38628.27,13710.75,4916.1,18.3,7069.93,4696.91,1217.04,65038.26,0,Normal
EMP00294,Sales,27,94.3,29039.54,10117.24,6973.72,1.3,0.0,7824.98,2108.15,36551.29,0,Normal
EMP01108,Finance,9,70.6,348798.72,139519.49,52319.81,12.1,52319.81,69759.74,17439.94,545325.0,1,salary_spike
EMP00401,Engineering,15,77.3,69732.03,31674.0,14843.87,14.4,0.0,20351.09,2852.65,102459.98,0,Normal
EMP00123,Sales,23,44.6,37929.24,13777.95,9426.04,11.7,0.0,6889.75,811.97,57591.87,0,Normal
EMP00203,Engineering,7,61.6,54693.35,26947.41,5735.5,3.9,5661.23,9601.93,4207.14,81228.15,0,Normal
EMP00836,Sales,27,60.6,39669.86,16010.82,4543.98,0.7,0.0,6577.31,3172.41,50735.27,0,Normal
EMP00247,Sales,26,86.5,50982.09,25111.42,12238.88,11.5,7665.57,11512.96,1969.75,88011.76,0,Normal
EMP01159,Sales,25,61.0,343380.24,137352.1,51507.04,28.4,51507.04,68676.05,17169.01,589326.35,1,salary_spike
EMP00385,Operations,25,98.6,39551.86,15801.29,6178.33,7.6,0.0,5305.96,3113.97,55929.62,0,Normal
EMP00855,Engineering,26,64.2,53408.4,18916.64,6790.01,1.0,0.0,15308.06,2128.5,62179.19,0,Normal
EMP00220,Operations,12,97.6,24736.06,9983.28,4172.71,6.5,0.0,6237.24,1013.97,33148.19,0,Normal
EMP00642,Sales,12,89.0,60054.84,24553.47,14215.03,2.9,0.0,10920.97,4022.24,85512.87,0,Normal
EMP00002,Management,18,50.4,69726.57,26308.4,13031.7,5.9,0.0,11363.22,4332.1,97228.1,0,Normal
EMP00113,Management,21,64.7,67824.94,20349.31,16418.67,13.8,6958.59,17650.38,5152.71,97523.27,0,Normal
EMP00699,Engineering,24,57.6,44464.21,16076.44,8049.88,1.2,0.0,8252.73,1563.86,59274.16,0,Normal
EMP00952,Finance,7,88.8,32574.5,16258.79,4641.63,3.4,0.0,9311.49,1742.35,43459.39,0,Normal
EMP01098,Engineering,29,80.5,70143.06,23798.41,17280.92,1.9,0.0,15602.04,1976.21,94893.56,0,Normal
EMP00442,Management,16,51.2,78219.99,31984.1,19467.96,0.1,9994.48,21313.92,5528.79,112897.15,0,Normal
EMP00664,Engineering,27,65.4,62569.74,26896.51,12433.57,4.2,7348.18,11874.63,2263.11,97573.94,0,Normal
EMP01115,Engineering,14,84.7,78973.91,31589.56,11846.09,326.8,7897.39,15794.78,3948.7,352519.79,1,impossible_overtime
EMP00318,Engineering,6,78.5,58374.3,25898.7,8685.03,4.5,0.0,11774.55,2948.16,80697.99,0,Normal
EMP00649,Operations,1,72.7,28454.41,10648.28,5729.28,13.3,2241.67,7552.7,585.04,42483.81,0,Normal
EMP00710,Finance,12,80.6,59724.5,23927.22,14389.74,27.2,4569.06,15867.34,1911.22,100061.71,0,Normal
EMP00973,Operations,10,78.0,26276.81,8825.62,3538.49,7.7,0.0,5553.93,759.09,34224.76,0,Normal
EMP00628,Operations,29,82.2,32017.33,10978.15,4413.49,6.9,0.0,4233.33,2020.54,43226.22,0,Normal
EMP00633,HR,17,,28071.44,12535.21,5262.54,0.5,0.0,2921.68,794.32,42284.77,0,Normal
EMP01191,Operations,7,99.3,308499.25,123399.7,46274.89,2.1,46274.89,61699.85,15424.96,453397.5,1,salary_spike
EMP01126,HR,5,49.4,443377.09,177350.84,66506.56,23.4,66506.56,88675.42,22168.85,740162.63,1,salary_spike
EMP00796,Operations,22,87.1,55716.51,25669.02,5978.62,8.7,5390.88,13731.2,3801.71,79766.5,0,Normal
EMP00646,Operations,17,93.4,39740.22,17787.06,8543.32,6.8,4079.19,7606.47,838.57,64238.19,0,Normal
EMP01013,Management,24,46.9,98585.83,47269.26,20968.4,19.7,0.0,22281.08,6130.25,156619.73,0,Normal
EMP00557,Engineering,5,91.8,70938.33,26922.69,14850.29,4.9,0.0,12600.37,3929.28,99440.39,0,Normal
EMP00682,Sales,9,82.2,27647.67,9181.59,4744.68,12.2,0.0,3949.06,1251.96,39535.12,0,Normal
EMP00578,Management,24,96.0,94683.27,41206.66,10840.92,2.9,0.0,14664.78,6339.91,128300.36,0,Normal
EMP00525,Operations,22,67.3,30155.08,13465.44,7164.55,4.7,0.0,8780.67,1847.72,41485.39,0,Normal
EMP01060,Finance,27,92.8,55509.29,18175.39,11524.82,12.8,0.0,11625.06,1910.28,78335.27,0,Normal
EMP00541,Management,11,83.8,73424.21,33054.7,14631.62,9.7,0.0,15522.58,1934.25,110330.71,0,Normal
EMP00749,Management,18,47.3,68372.64,26197.32,11376.29,4.9,8034.03,15033.28,4891.32,97196.55,0,Normal
EMP01129,Sales,18,77.7,324798.15,129919.26,48719.72,6.9,48719.72,64959.63,16239.91,491967.69,1,salary_spike
EMP00485,Finance,10,76.3,45730.05,21392.5,7516.16,17.3,5903.6,5352.25,2884.48,79722.42,0,Normal
EMP00096,HR,10,89.2,39703.38,17331.45,6277.04,18.9,0.0,9764.48,794.19,59788.14,0,Normal
EMP01021,Finance,16,49.7,64413.4,31889.05,11138.75,4.8,8413.94,7522.17,4010.73,107220.84,0,Normal
EMP00564,Engineering,22,46.6,58223.11,28745.18,5934.95,5.2,0.0,13735.43,3130.15,78876.04,0,Normal
EMP00743,Operations,2,91.1,39953.23,15110.58,6278.36,7.3,5997.09,7078.59,1083.98,61910.99,0,Normal
EMP00864,Sales,16,97.0,43714.5,13787.3,4762.37,9.9,0.0,5458.59,1790.92,59071.91,0,Normal
EMP00892,Operations,7,96.9,36906.95,12988.12,6847.83,9.7,1917.37,6050.17,2752.87,53213.46,0,Normal
EMP01039,Engineering,21,,49763.37,17699.52,5871.73,13.8,0.0,8442.16,3961.67,67368.93,0,Normal
EMP00207,Engineering,3,73.8,64260.38,29225.51,8089.01,0.8,0.0,13844.25,4922.71,83289.89,0,Normal
EMP00393,Sales,23,99.4,42306.75,13275.92,9417.3,1.7,3434.19,6413.19,3128.8,59566.43,0,Normal
EMP00795,Engineering,22,42.7,69248.63,26145.88,16894.5,2.0,0.0,13791.83,5088.18,94707.41,0,Normal
EMP00871,Sales,24,87.7,33581.05,14724.34,8377.77,2.4,3651.29,9140.82,1647.35,50301.85,0,Normal
EMP00398,Sales,8,76.5,49501.76,23125.5,11415.27,1.0,8730.61,5843.15,2069.15,85324.92,0,Normal
EMP00767,Operations,27,90.9,35906.16,13585.88,6669.25,30.0,0.0,5097.91,1433.53,59728.46,0,Normal
EMP01119,Sales,21,98.1,34816.15,13926.46,5222.42,19.1,212138.45,6963.23,1740.81,263633.71,1,bonus_abuse
EMP01029,Sales,20,79.4,30890.86,10684.32,7061.18,0.9,0.0,4772.99,655.83,43468.18,0,Normal
EMP00643,Engineering,11,70.5,79738.04,27115.43,8224.19,27.2,0.0,12585.74,5165.06,117660.06,0,Normal
EMP00613,Finance,18,75.4,68368.95,24048.25,7944.93,4.5,9128.81,13011.25,2787.16,96576.85,0,Normal
EMP00961,Engineering,14,52.9,51777.63,22549.49,6372.15,1.8,8726.55,5232.9,3843.25,81223.42,0,Normal
EMP00726,Operations,15,82.6,28517.98,8566.76,3024.13,3.0,0.0,6795.87,1358.12,32756.95,0,Normal
EMP00684,Finance,20,76.6,44140.29,14880.99,8265.73,12.6,0.0,7287.59,2113.92,63099.57,0,Normal
EMP00099,Engineering,11,45.5,39981.53,18571.7,8957.01,0.9,0.0,10896.37,2968.18,53983.03,0,Normal
EMP00805,Sales,5,47.8,32941.12,14153.6,4759.72,6.9,3694.82,4196.48,2077.45,51406.21,0,Normal
EMP00407,Sales,20,96.5,47024.94,18106.75,8440.56,4.4,4919.66,12775.49,3637.91,64018.29,0,Normal
EMP00503,Sales,22,40.7,37083.8,12102.04,5554.99,1.8,0.0,5086.65,1326.69,48953.28,0,Normal
EMP01072,Engineering,29,87.4,43967.38,16871.23,9862.16,1.5,5287.92,7850.25,1912.58,66844.15,0,Normal
EMP01057,Operations,6,98.4,48860.12,17613.29,11284.56,33.9,0.0,14199.97,3492.38,75593.98,0,Normal
EMP00930,Sales,14,,48840.5,20744.94,9112.05,19.4,5234.34,5257.22,1060.39,86497.09,0,Normal
EMP00780,Finance,25,45.2,61329.57,18521.27,9690.44,3.0,8230.64,9361.91,3128.43,87006.47,0,Normal
EMP00201,Finance,22,68.8,43946.64,13271.22,8315.9,7.5,0.0,7339.16,2298.39,58986.21,0,Normal
EMP00135,Management,1,65.2,76022.64,24164.4,8307.09,9.4,0.0,9532.27,3356.91,102304.45,0,Normal
EMP01052,HR,7,98.9,41134.02,15159.08,4925.92,38.3,3068.11,6226.3,1803.95,71026.56,0,Normal
EMP00041,Engineering,8,55.3,71585.91,25693.89,12080.02,10.3,0.0,10675.34,3668.7,101928.29,0,Normal
EMP01018,Finance,12,97.9,47635.87,14885.2,7455.08,19.0,5898.87,10284.93,1431.81,72643.42,0,Normal
EMP00231,Operations,24,69.1,38055.48,17356.16,8404.83,7.3,0.0,4548.53,2168.15,59704.21,0,Normal
EMP00379,Operations,24,83.1,34293.74,16420.49,8438.66,6.4,3364.45,4501.61,1642.74,58430.61,0,Normal
EMP00289,Sales,16,59.8,40649.5,12601.17,7128.46,30.3,0.0,6793.0,841.94,64291.19,0,Normal
EMP00419,Finance,27,,37984.56,13145.82,3996.01,28.1,0.0,7205.56,2000.72,55926.67,0,Normal
EMP00392,Sales,18,80.3,30984.54,9736.32,4149.2,2.2,0.0,8381.56,2114.98,35012.58,0,Normal
EMP00593,Engineering,7,68.9,48656.6,21419.99,5837.89,4.9,0.0,9376.59,2590.31,66182.74,0,Normal
EMP01087,Finance,10,91.4,53388.56,23935.6,10777.78,13.9,0.0,13054.69,3075.11,78929.34,0,Normal
EMP00648,Finance,9,57.8,43936.96,13782.66,6577.49,0.0,0.0,9703.56,2560.18,52033.37,0,Normal
EMP00521,Finance,22,97.1,66182.87,23915.53,7307.19,3.2,0.0,16050.69,4911.06,78429.33,0,Normal
EMP00065,Sales,29,48.1,37982.1,15364.34,5737.64,0.1,4980.02,6352.98,2885.07,54861.66,0,Normal
EMP00015,Engineering,19,62.3,62902.53,29614.03,14081.15,12.3,5324.5,15807.89,1804.21,101563.56,0,Normal
EMP01065,Sales,5,61.4,40486.71,14361.77,9128.39,8.0,0.0,11005.34,1366.3,54641.73,0,Normal
EMP00493,Sales,13,52.0,20000.0,8185.72,2656.14,11.1,3062.31,4882.35,1532.55,29570.52,0,Normal
EMP00380,Sales,24,96.6,65217.38,31910.3,11845.42,10.8,0.0,12222.18,4003.94,99350.24,0,Normal
EMP00188,Finance,6,81.6,44952.27,18123.51,10552.9,13.9,0.0,5347.24,1114.25,73025.03,0,Normal
EMP00764,Operations,29,91.7,28985.67,9523.78,5529.41,2.0,0.0,7852.9,1416.91,35312.53,0,Normal
EMP00217,Sales,13,61.4,41577.71,12619.27,4471.78,10.8,0.0,6697.45,1242.51,54938.54,0,Normal
EMP00792,Finance,26,78.4,54711.38,26070.63,10116.29,10.4,6694.68,12680.52,4167.3,86079.52,0,Normal
EMP01077,Sales,10,77.8,30934.05,14087.67,6206.98,2.5,0.0,3282.08,1543.27,47128.37,0,Normal
EMP00879,Engineering,27,48.7,54766.96,18825.77,12928.09,29.7,6877.82,15522.04,1314.28,91811.5,0,Normal
EMP00338,Operations,14,86.5,24327.8,7440.27,2872.09,1.0,2761.29,4693.23,1696.13,31240.16,0,Normal
EMP00720,Operations,12,91.3,24147.35,10497.55,5822.7,2.6,0.0,3812.86,1682.98,35560.35,0,Normal
EMP00296,HR,8,67.0,32071.27,10884.51,6263.91,7.3,3431.26,3322.31,1153.23,50370.29,0,Normal
EMP01017,Engineering,6,46.3,41731.54,19592.02,10159.28,8.6,4557.76,8330.7,1634.92,69439.59,0,Normal
EMP00456,HR,4,61.7,41322.89,16602.63,7629.64,18.4,0.0,11228.85,909.36,60545.15,0,Normal
EMP00816,HR,11,42.0,41827.13,13122.96,5077.12,3.1,0.0,10606.2,837.15,49799.46,0,Normal
EMP00270,Sales,6,91.7,31712.96,9563.62,6081.74,1.8,3540.43,4334.89,2214.04,44884.98,0,Normal
EMP00996,Engineering,18,65.8,60126.33,18663.09,7191.57,19.4,0.0,17347.77,2705.98,76862.72,0,Normal
EMP00202,Engineering,6,92.2,46940.52,18439.13,9896.47,2.2,0.0,6640.04,2530.3,67073.93,0,Normal
EMP00162,Finance,10,92.5,52177.02,16199.45,10626.29,3.4,0.0,15058.5,1995.74,63611.66,0,Normal
EMP00730,Engineering,19,53.0,55740.16,18520.93,13399.41,3.0,7518.2,13975.91,3627.37,79143.11,0,Normal
EMP00402,Management,7,47.7,58226.46,25091.54,6270.65,1.0,0.0,14156.75,1790.51,74187.26,0,Normal
EMP00703,Sales,28,72.8,50222.26,18626.68,8007.78,10.1,,10234.67,2553.39,68824.08,0,Normal
EMP01130,Operations,4,76.8,406225.69,162490.28,60933.85,22.6,60933.85,81245.14,20311.28,675096.32,1,salary_spike
EMP00566,Finance,23,85.1,55586.19,17531.66,12655.45,6.4,0.0,12158.99,1763.99,75185.49,0,Normal
EMP01022,Sales,9,54.4,54561.15,25283.35,6348.3,23.3,0.0,6026.57,2702.25,89382.18,0,Normal
EMP01026,HR,10,85.4,32358.91,12203.18,7485.37,2.9,0.0,8496.99,1836.55,42593.68,0,Normal
EMP01105,HR,23,52.4,0.0,14352.62,4861.73,0.0,43776.22,0.0,0.0,62990.57,1,ghost_employee
EMP00206,Engineering,24,55.4,50552.63,18318.9,5838.31,2.8,0.0,7983.1,3441.88,64611.87,0,Normal
EMP00035,Management,21,95.5,90631.79,31008.85,9072.06,19.7,0.0,24039.49,4073.64,119338.13,0,Normal
EMP00776,Engineering,28,46.0,65233.28,26884.96,10846.67,15.6,0.0,8182.62,2077.63,102245.03,0,Normal
EMP00509,Management,1,51.9,82152.45,35698.57,,2.9,0.0,15189.87,1737.56,119152.71,0,Normal
EMP01204,Engineering,28,90.5,0.0,18603.45,2575.12,0.0,35382.01,0.0,0.0,56560.58,1,ghost_employee
EMP00092,Operations,25,70.8,26439.32,10307.9,3583.59,2.8,0.0,3201.87,1601.39,36221.58,0,Normal
EMP00898,Operations,27,56.8,40423.0,17518.1,7461.44,8.2,5546.59,4848.04,2787.14,66421.47,0,Normal
EMP00565,Sales,8,95.3,55756.22,23458.17,10094.38,0.6,0.0,6323.8,4276.33,79022.27,0,Normal
EMP00777,Engineering,4,85.3,60816.79,25888.81,7572.0,14.9,0.0,10929.5,4539.84,87303.61,0,Normal
EMP00242,Management,14,87.9,78547.1,38610.45,12386.22,4.7,5838.21,17129.96,4947.57,116765.43,0,Normal
EMP00014,Engineering,23,57.5,59013.48,18993.66,7519.83,4.4,3414.05,10194.29,2211.69,78969.35,0,Normal
EMP00316,Finance,1,57.5,59387.57,19736.53,8686.63,15.0,6591.75,9950.36,3093.38,89710.12,0,Normal
EMP00601,Engineering,28,76.7,61786.12,23466.8,10812.19,0.3,0.0,11157.21,2693.95,82387.72,0,Normal
EMP00388,Engineering,27,83.4,52557.04,17723.66,8615.05,4.5,7405.4,9706.64,1385.26,77426.5,0,Normal
EMP00167,Sales,16,91.2,46705.52,15991.91,7682.76,20.0,0.0,8428.43,3105.52,67603.52,0,Normal
EMP00841,Engineering,15,93.1,56516.55,18875.18,9679.22,9.4,0.0,13794.74,1901.61,74355.12,0,Normal
EMP00021,Finance,20,90.0,49635.6,19341.2,7752.2,2.4,0.0,11284.09,2600.99,63960.72,0,Normal
EMP00647,Finance,20,87.1,58561.97,23676.01,12023.72,19.2,6482.7,12959.91,2266.74,96058.9,0,Normal
EMP01155,Operations,23,51.3,32630.7,13052.28,4894.6,0.2,3263.07,-4865.26,-488.53,59255.62,1,negative_deduction
EMP00832,HR,25,46.9,46313.76,19300.92,9693.4,4.9,0.0,5301.52,2632.73,69501.37,0,Normal
EMP00563,Engineering,13,48.0,55684.16,24019.43,7694.0,15.9,0.0,10085.73,2849.19,82763.09,0,Normal
EMP01190,Management,19,64.2,106986.98,42794.79,16048.05,274.8,10698.7,21397.4,5349.35,425406.98,1,impossible_overtime
EMP00687,Finance,13,89.7,49697.34,23001.18,5915.16,13.3,0.0,10274.68,2184.03,72351.61,0,Normal
EMP00958,Engineering,25,72.0,56761.52,17634.08,12476.09,7.0,0.0,12225.97,4490.54,73880.15,0,Normal
EMP00190,Engineering,13,92.7,54537.9,25474.44,8127.19,5.1,8985.99,7122.03,4176.23,88434.85,0,Normal
EMP00976,Sales,10,40.6,42169.65,18282.74,5612.68,14.4,4296.0,10426.7,2746.48,62880.79,0,Normal
EMP00700,HR,14,64.9,32211.84,15550.51,3604.25,6.7,5669.27,7462.09,1644.22,49952.87,0,Normal
EMP00511,Finance,19,47.0,63162.29,22112.71,11509.54,8.2,0.0,9861.35,1911.08,89867.71,0,Normal
EMP01083,Sales,11,96.2,44283.66,21163.33,7137.05,0.2,0.0,7705.35,1375.45,63586.27,0,Normal
EMP00475,HR,25,52.3,29532.14,13153.95,3511.17,1.9,0.0,5533.01,1690.71,39499.58,0,Normal
EMP00857,Engineering,26,88.9,68284.97,24771.42,10251.55,2.4,0.0,12824.32,3461.1,88558.93,0,Normal
EMP00748,HR,10,90.0,47624.13,19591.41,6307.81,14.9,0.0,10389.24,3269.92,66516.69,0,Normal
EMP00253,Operations,25,82.8,39902.19,16937.79,4955.17,12.6,0.0,6647.31,937.61,58923.68,0,Normal
EMP00022,Engineering,19,82.3,76534.69,30773.57,16811.6,11.2,6299.1,11039.94,3647.8,123767.36,0,Normal
EMP00460,Engineering,26,93.8,61693.72,27110.81,12546.23,1.8,3475.21,7588.46,4736.59,93542.0,0,Normal
EMP01185,Management,20,84.3,0.0,8172.93,5147.48,0.0,12565.41,0.0,0.0,25885.82,1,ghost_employee
EMP00277,Operations,25,71.9,37570.86,15032.88,7466.23,25.2,3357.42,8351.96,2535.33,61416.22,0,Normal
EMP00956,Sales,18,54.6,50055.34,22175.52,9881.27,10.6,6211.96,14323.91,1003.94,77970.49,0,Normal
EMP00386,Operations,24,78.5,48027.17,16374.19,8764.01,2.2,3082.55,6981.59,3497.1,66759.79,0,Normal
EMP00806,Operations,2,52.9,44119.03,13889.6,4922.72,17.6,6769.19,8883.54,2681.96,65414.68,0,Normal
EMP00344,Sales,12,58.6,46972.41,22730.24,8547.51,3.8,5684.38,9041.78,1774.66,74791.49,0,Normal
EMP00770,Operations,5,,29654.85,11908.23,,2.2,4247.16,6947.35,1521.17,43607.16,0,Normal
EMP00131,Sales,4,41.5,41967.58,16231.53,10085.76,3.8,8139.14,5186.68,2179.25,70553.17,0,Normal
EMP00872,Sales,22,86.9,51773.84,18266.45,6227.49,2.6,0.0,11552.03,2743.95,63233.79,0,Normal
EMP01124,Engineering,27,90.1,0.0,8446.41,2284.84,0.0,42181.3,0.0,0.0,52912.55,1,ghost_employee
EMP00088,Finance,29,62.5,59597.03,25600.71,9464.84,2.1,0.0,11753.22,1212.58,82870.1,0,Normal
EMP00331,Sales,9,78.1,33093.35,14126.65,7197.63,24.5,2307.76,4673.27,1819.47,57833.78,0,Normal
EMP00467,Sales,27,56.5,42509.85,15083.1,9925.5,5.1,,12385.79,2628.19,54536.97,0,Normal
EMP00122,Operations,2,91.5,20000.0,8963.62,3868.07,5.7,0.0,4653.45,882.84,28364.15,0,Normal
EMP01045,Operations,21,86.7,39487.36,13871.62,5896.39,7.9,0.0,4797.34,1072.23,56310.33,0,Normal
EMP01096,Engineering,29,73.6,54383.28,24607.86,5525.74,13.7,0.0,16096.52,3941.82,71463.39,0,Normal
EMP01131,Engineering,27,63.9,70499.68,28199.87,10574.95,17.5,35249.84,3524.98,1409.99,151155.72,1,duplicate_manipulation
EMP00861,Operations,21,50.5,30717.37,14792.5,6908.08,22.9,2126.51,3249.88,1327.85,56561.37,0,Normal
EMP01127,Engineering,21,95.4,49674.12,19869.65,7451.12,2.2,4967.41,9934.82,2483.71,7056.83,1,net_salary_inconsistency
